形式语言与编译,操作系统原理i,操作系统设计专题实验,数据库系统,编译器设计专题实验,计算机系统综合设计实验,计算机组成,计算机组成与结构专题实验,计算机网络专题实验,计算机网络原理,软件定义网络
0,0,0,0,0,0,0,0,0,0,0
0,0,0,0,0,0,0,0,0,0,0
0,0,0,0,0,0,0,0,0,0,0
73,87,98,89,75,85,88,79,87,84,97
0,0,0,0,0,0,0,0,0,0,0
0,0,0,0,0,0,0,0,0,0,0
75,97,98,90,98,76,92,98,92,92,0
67,86,92,78,88,87,87,98,87,69,90
73,91,92,83,77,76,85,76,92,84,0
0,0,0,0,0,0,0,0,0,0,0
0,0,0,0,0,0,0,0,0,0,0
0,0,0,0,0,0,0,0,0,0,0
80,87,92,81,83,98,92,83,92,88,84
0,0,0,0,0,0,0,0,0,0,0
72,87,98,70,90,98,79,98,83,74,87
94,86,98,90,96,0,83,96,92,87,0
86,89,98,84,86,98,87,98,92,85,88
0,0,0,0,0,0,0,0,0,0,0
0,0,0,0,0,0,0,0,0,0,0
0,0,0,0,0,0,0,0,0,0,0
84,92,98,82,90,98,97,98,98,88,69
87,92,97,86,96,92,85,90,90,82,90
0,91,98,91,93,0,87,94,87,85,0
0,0,0,0,0,0,0,0,0,0,0
94,97,88,88,84,98,92,85,90,97,76
0,0,0,0,0,0,0,0,0,0,0
93,90,92,86,74,85,86,88,87,82,94
86,91,98,93,90,90,99,98,87,97,97
71,85,98,94,93,76,85,98,87,92,0
0,0,0,0,0,0,0,0,0,0,0
88,90,98,91,93,0,78,92,92,84,0
93,95,98,95,77,98,93,100,98,92,99
82,88,98,86,83,98,94,98,98,85,83
0,0,0,0,0,0,0,0,0,0,0
80,89,98,87,84,0,80,95,92,90,0
93,85,98,89,88,0,89,94,92,89,0
0,0,0,0,0,0,0,0,0,0,0
70,90,98,90,84,76,87,87,87,90,94
79,92,98,85,91,76,89,83,87,87,88
0,0,0,0,0,0,0,0,0,0,0
0,0,0,0,0,0,0,0,0,0,0
0,0,0,0,0,0,0,0,0,0,0
0,0,0,0,0,0,0,0,0,0,0
0,0,0,0,0,0,0,0,0,0,0
70,69,92,76,85,98,71,79,98,67,72
94,89,98,92,94,0,91,80,92,94,0
0,0,0,0,0,0,0,0,0,0,0
77,97,98,93,83,76,92,98,92,94,0
0,0,0,0,0,0,0,0,0,0,0
88,92,92,88,89,98,94,83,92,89,81
91,97,98,87,89,0,92,96,98,94,0
88,93,98,93,79,83,88,95,92,93,90
81,84,98,86,88,92,90,83,87,80,85
81,93,87,87,81,62,92,85,87,87,86
76,90,92,84,90,76,82,85,98,91,89
83,90,98,90,86,92,93,98,92,75,79
0,0,0,0,0,0,0,0,0,0,0
90,90,98,85,96,88,97,92,98,96,98
90,97,92,93,92,76,89,88,92,98,0
0,0,0,0,0,0,0,0,0,0,0
93,90,98,90,84,0,89,98,98,91,92
0,0,0,0,0,0,0,0,0,0,0
0,0,0,0,0,0,0,0,0,0,0
0,0,0,0,0,0,0,0,0,0,0
0,0,0,0,0,0,0,0,0,0,0
89,94,98,84,95,98,92,83,76,91,0
0,0,0,0,0,0,0,0,0,0,0
0,0,0,0,0,0,0,0,0,0,0
88,98,98,85,84,76,89,98,92,96,94
87,88,92,84,93,87,88,95,87,87,84
78,87,98,82,86,85,82,83,83,87,0
0,91,98,0,91,0,78,93,92,87,88
0,0,0,0,0,0,0,0,0,0,0
0,0,0,0,0,0,0,0,0,0,0
0,0,0,0,0,0,0,0,0,0,0
74,88,92,60,88,60,85,87,66,75,0
87,90,98,88,89,98,90,98,92,60,0
81,85,92,82,79,76,87,79,83,84,75
69,77,92,72,91,83,80,87,98,67,77
79,95,98,91,87,88,91,98,87,95,97
87,97,98,88,83,98,96,98,98,88,88
93,95,98,90,94,0,74,98,98,88,97
0,0,0,0,0,0,0,0,0,0,0
92,92,98,90,84,0,92,93,87,96,0
0,0,0,0,0,0,0,0,0,0,0
89,96,98,88,88,0,90,98,92,74,98
88,95,98,60,97,92,90,92,87,93,94
87,95,98,91,94,98,97,98,92,98,0
86,99,100,84,77,92,82,97,90,87,0
88,90,98,92,86,98,97,98,87,94,94
0,0,0,0,0,0,0,0,0,0,0
0,0,0,0,0,0,0,0,0,0,0
91,89,98,87,82,0,81,95,92,82,0
0,90,92,81,82,0,91,81,87,88,0
86,92,98,85,79,76,80,94,83,75,0
83,96,98,85,88,76,93,83,92,92,0
0,0,0,0,0,0,0,0,0,0,0
81,85,98,72,97,81,88,98,76,89,91
0,0,0,0,0,0,0,0,0,0,0
0,0,0,0,0,0,0,0,0,0,0
91,94,92,83,81,83,77,82,87,84,0
92,87,98,86,82,0,78,93,87,87,0
66,86,92,69,79,83,87,83,92,74,88
89,87,98,89,88,87,85,100,98,92,98
78,81,87,86,70,0,80,84,87,81,71
0,0,0,0,0,0,0,0,0,0,0
75,86,92,76,88,92,80,98,87,82,79
77,88,98,85,97,98,90,98,87,83,92
0,0,0,0,0,0,0,0,0,0,0
84,93,98,88,82,0,93,92,92,82,93
77,82,98,89,82,92,87,83,87,73,87
92,93,98,90,96,0,92,89,98,92,98
94,96,92,92,83,0,87,85,92,94,86
87,85,90,81,96,83,91,80,87,90,87
82,94,95,79,79,70,94,79,87,90,87
0,0,0,0,0,0,0,0,0,0,0
0,0,0,0,0,0,0,0,0,0,0
0,0,0,0,0,0,0,0,0,0,0
0,76,92,89,87,0,80,80,83,76,0
0,0,0,0,0,0,0,0,0,0,0
80,88,98,84,87,98,92,98,92,91,94
93,93,92,89,84,0,90,95,92,94,0
0,0,0,0,0,0,0,0,0,0,0
0,0,0,0,0,0,0,0,0,0,0
0,86,87,0,0,0,75,92,0,84,0
87,92,92,86,88,87,98,95,87,88,85
87,94,98,90,87,87,92,100,92,88,99
0,0,0,0,0,0,0,0,0,0,0
0,0,0,0,0,0,0,0,0,0,0
85,94,92,78,82,70,88,70,87,91,85
80,90,98,87,94,76,87,98,92,92,0
88,96,92,85,76,98,94,98,76,93,94
0,0,0,0,0,0,0,0,0,0,0
70,90,98,67,88,98,92,98,87,84,90
87,96,95,74,85,70,86,90,91,89,91
83,86,93,74,83,83,83,90,90,70,89
91,94,92,87,83,98,94,98,92,85,95
0,0,0,0,0,0,0,0,0,0,0
79,89,98,85,82,0,82,76,87,83,0
0,0,0,0,0,0,0,0,0,0,0
79,60,60,84,79,98,60,60,87,60,96
82,88,98,89,90,88,90,79,83,89,95
84,86,98,81,94,92,87,97,83,80,0
83,82,79,77,85,83,71,83,86,71,84
81,95,92,86,84,98,99,98,98,92,90
84,80,92,87,79,98,92,85,98,83,90
0,0,0,0,0,0,0,0,0,0,0
92,90,98,84,78,76,91,83,87,86,96
73,90,98,90,79,88,86,98,76,92,92
69,73,98,76,82,83,80,83,87,68,83
70,0,0,0,92,0,0,0,0,0,0
85,96,92,88,89,0,94,80,87,98,88
78,80,92,73,84,98,88,83,87,78,0
97,91,98,87,89,0,84,97,98,95,0
0,94,98,88,83,0,83,83,87,85,0
0,0,0,0,0,0,0,0,0,0,0
96,84,92,79,86,98,97,88,86,94,0
0,0,0,0,0,0,0,0,0,0,0
0,92,98,89,82,0,88,81,87,89,0
0,0,0,0,0,0,0,0,0,0,0
82,86,98,87,81,0,82,87,87,80,87
0,0,0,0,0,0,0,0,0,0,0
85,77,98,83,84,92,78,98,98,82,77
0,0,0,0,0,0,0,0,0,0,0
0,0,0,0,0,0,0,0,0,0,0
0,0,0,0,0,0,0,0,0,0,0
88,94,98,90,91,0,92,92,92,94,0
90,90,98,78,90,98,97,92,79,95,93
88,84,98,83,67,87,92,95,92,88,94
72,85,98,75,82,92,80,98,92,75,91
91,95,98,88,87,0,85,91,92,89,0
80,87,98,82,82,94,85,98,87,86,93
78,97,98,89,86,76,91,92,98,93,99
88,92,92,90,88,98,89,100,92,88,91
83,98,87,80,83,83,90,72,87,82,84
0,0,0,0,0,0,0,0,0,0,0
68,86,92,87,83,76,87,87,92,86,94
86,91,98,91,98,0,70,90,87,89,0
77,92,98,84,80,79,92,83,87,82,83
77,87,92,82,94,98,85,83,76,70,91
82,89,98,81,90,92,93,87,92,86,92
83,89,98,84,87,92,87,100,92,84,90
0,0,0,0,0,0,0,0,0,0,0
91,87,91,77,71,83,87,75,90,83,92
78,94,98,85,92,92,90,98,98,94,90
89,91,92,88,90,92,95,83,98,90,86
87,90,98,87,92,87,79,95,92,84,95
77,83,92,78,86,76,88,79,83,68,70
95,91,92,87,84,0,92,95,87,88,90
0,0,0,0,0,0,0,0,0,0,0
80,87,87,72,68,76,87,100,83,70,0
0,0,0,0,0,0,0,0,0,0,0
95,93,98,90,90,98,94,98,79,89,0
80,92,98,81,86,98,83,100,92,86,89
92,94,98,82,89,98,92,83,98,89,88
65,82,92,82,83,64,82,90,87,91,96
80,90,93,83,80,92,87,92,92,87,90
82,90,98,83,82,98,91,83,76,94,96
83,86,87,74,74,92,86,95,79,84,0
80,60,92,76,77,87,76,95,87,69,82
0,0,0,0,0,0,0,0,0,0,0
80,89,98,88,87,98,94,98,83,92,95
86,92,98,84,84,0,73,88,98,81,0
78,85,98,83,85,92,81,87,98,80,87
0,0,0,0,0,0,0,0,0,0,0
0,0,0,0,0,0,0,0,0,0,0
0,0,0,0,0,0,0,0,0,0,0
0,0,0,0,0,0,0,0,0,0,0
65,94,98,89,91,76,94,87,87,86,0
87,99,98,88,97,76,89,98,92,94,99
0,0,0,0,0,0,0,0,0,0,0
70,60,92,82,79,79,60,79,92,60,92
0,0,0,0,0,0,0,0,0,0,0
0,0,0,0,0,0,0,0,0,0,0
69,82,83,67,78,79,64,79,87,71,72
76,83,92,75,78,92,94,98,92,83,97
85,92,98,94,85,87,95,95,87,96,87
61,65,0,60,80,0,62,0,0,86,0
88,96,92,86,85,0,93,80,87,93,0
86,91,92,86,84,0,75,90,87,86,0
0,78,98,81,96,0,68,96,87,73,0
75,82,92,78,80,83,75,83,87,87,76
71,87,92,87,79,79,60,76,87,60,72
79,97,98,85,74,76,86,98,83,95,92
72,80,98,77,78,76,85,90,92,91,0
75,85,98,85,80,83,81,95,92,81,89
0,0,0,0,0,0,0,0,0,0,0
60,75,92,68,77,79,61,83,83,76,76
60,75,92,65,89,83,74,85,87,64,79
87,97,97,83,83,83,91,88,91,87,91
73,93,98,79,90,76,89,98,98,92,96
60,80,92,60,60,61,60,98,79,77,0
95,89,98,87,91,0,84,98,98,87,92
0,0,0,0,0,0,0,0,0,0,0
92,96,97,78,86,92,84,80,89,79,91
70,92,98,79,90,98,90,98,98,80,93
65,78,92,76,77,83,79,87,98,77,82
83,91,92,89,87,88,99,79,76,92,88
63,85,98,77,85,92,86,98,98,75,90
86,87,98,91,89,98,83,98,98,81,88
0,0,0,0,0,0,0,0,0,0,0
63,81,92,70,85,76,79,79,83,85,79
74,86,92,80,82,98,89,83,92,80,73
77,87,98,60,90,92,60,60,98,81,96
65,80,92,70,85,92,73,98,87,75,81
95,92,98,83,83,0,89,92,87,93,0
85,69,66,60,88,76,84,85,92,86,0
81,83,92,60,84,92,60,60,92,86,81
81,87,98,86,89,85,94,92,87,79,94
80,85,94,78,88,92,84,83,90,87,93
70,83,98,81,87,85,89,83,76,69,91
79,86,88,76,88,70,78,90,90,81,86
80,87,98,89,87,92,89,97,92,90,88
82,87,98,83,99,98,92,87,83,89,0
84,82,92,79,87,83,75,78,93,84,85
0,0,0,0,0,0,0,0,0,0,0
0,0,0,0,0,0,0,0,0,0,0
80,89,98,85,89,98,96,98,87,91,98
84,93,98,95,90,98,94,100,98,96,98
74,68,98,61,84,87,73,95,87,60,81
0,0,0,0,0,0,0,0,0,0,0
79,94,92,77,82,83,76,78,87,87,90
79,89,88,88,80,70,89,80,92,77,90
93,90,98,85,88,0,79,91,87,80,97
0,0,0,0,0,0,0,0,0,0,0
0,0,0,0,0,0,0,0,0,0,0
88,88,98,91,87,0,80,89,87,82,87
90,84,98,85,82,0,88,81,92,89,0
95,93,98,88,87,0,91,81,92,92,0
0,0,0,0,0,0,0,0,0,0,0
0,0,0,0,0,0,0,0,0,0,0
88,88,88,86,80,92,69,83,88,87,91
0,91,98,86,95,0,82,96,87,77,0
91,92,98,92,89,0,88,95,92,93,0
79,93,92,84,84,76,97,98,92,95,92
85,87,98,82,82,0,84,84,87,78,87
81,88,92,87,85,0,69,92,92,84,0
77,87,94,81,88,83,84,85,89,95,89
89,91,98,84,82,0,81,95,92,87,84
82,92,98,84,87,0,82,92,92,86,0
0,0,0,0,0,0,0,0,0,0,0
0,0,0,0,0,0,0,0,0,0,0
69,92,92,82,81,76,88,70,87,88,89
77,91,98,87,80,76,90,85,92,88,0
79,95,96,91,80,70,80,88,90,84,85
81,84,92,84,71,0,93,82,87,75,0
80,83,92,81,83,0,74,94,87,85,0
82,91,98,86,80,98,95,92,79,94,98
70,81,92,91,74,98,77,95,76,87,77
83,99,98,87,87,98,91,98,92,94,91
81,93,98,89,98,0,90,93,92,94,0
88,93,98,84,79,98,98,98,79,94,95
0,81,98,0,0,100,0,0,0,87,0
92,90,98,77,70,87,80,95,73,88,80
84,0,0,0,98,0,0,0,0,0,0
72,66,83,60,6,0,60,27,62,61,0
90,97,98,83,83,87,88,95,92,86,84
90,89,92,86,80,0,79,77,83,91,84
84,84,92,74,83,87,96,83,76,82,91
83,87,98,79,96,90,92,92,83,84,92
77,80,98,80,88,92,85,100,92,88,91
79,88,98,87,94,98,89,98,83,80,94
82,80,87,80,76,87,81,95,87,80,89
85,96,97,77,85,70,86,80,93,85,91
0,0,0,0,0,0,0,0,0,0,0
77,86,98,85,71,87,79,100,87,77,86
84,97,98,84,85,92,95,100,92,90,94
70,65,98,72,79,88,65,79,76,77,85
77,84,98,79,77,92,90,83,92,72,84
0,0,0,0,0,0,0,0,0,0,0
67,82,83,72,70,87,76,95,92,74,71
91,90,98,84,90,0,88,86,87,90,87
80,94,83,75,90,87,69,95,79,91,88
80,85,98,83,74,76,76,73,92,83,0
83,94,98,75,80,83,90,79,90,86,84
0,0,0,0,0,0,0,0,0,0,0
79,93,98,83,87,0,92,92,92,89,0
76,96,98,87,80,76,92,98,98,89,97
79,82,92,70,81,0,64,74,76,91,0
91,90,85,83,80,70,85,85,93,91,82
83,86,98,87,86,72,87,98,98,94,0
69,89,83,78,77,76,77,85,87,82,0
85,93,98,76,84,92,92,79,87,92,0
75,92,92,77,84,76,86,85,87,92,0
0,0,0,0,0,0,0,0,0,0,0
76,87,98,85,94,90,81,98,87,87,0
0,0,0,0,0,0,0,0,0,0,0
83,94,92,87,70,76,86,92,87,93,0
91,89,90,83,70,70,82,75,87,81,83
66,64,92,61,82,92,63,98,83,66,66
77,86,83,86,87,0,74,80,87,78,0
0,0,0,0,0,0,0,0,0,0,0
87,79,92,90,76,92,83,95,87,84,85
83,87,92,84,89,87,92,95,92,86,91
83,88,98,95,87,0,93,91,83,78,0
84,86,83,81,73,87,82,97,92,81,78
93,90,92,88,84,0,76,92,98,86,0
65,92,62,75,70,76,78,98,66,75,60
73,85,92,81,71,92,86,95,98,87,94
81,88,98,86,89,0,85,90,87,86,91
80,89,92,85,80,79,85,83,98,85,79
81,92,98,77,91,98,89,98,92,91,84
75,82,92,79,70,87,89,95,79,84,0
61,75,92,69,81,83,73,83,92,62,84
83,93,92,90,82,0,83,72,92,84,0
83,92,98,86,89,76,92,83,92,97,98
82,98,98,75,80,70,91,90,93,87,93
0,0,0,0,0,0,0,0,0,0,0
89,85,98,87,89,0,85,93,92,83,0
68,89,98,76,74,76,80,98,87,85,0
0,0,0,0,0,0,0,0,0,0,0
0,90,92,84,85,0,85,95,92,75,0
89,89,92,86,84,0,86,91,87,96,0
0,0,0,0,0,0,0,0,0,0,0
78,92,92,78,89,88,91,98,76,89,92
69,86,98,80,96,98,85,98,98,77,89
75,78,92,72,93,83,90,83,92,82,94
0,0,0,0,0,0,0,0,0,0,0
84,81,83,84,83,0,77,77,87,80,0
67,97,98,86,92,76,97,98,92,85,96
90,89,92,94,86,0,84,93,87,85,0
81,94,98,84,91,76,89,98,98,95,97
84,83,94,84,80,92,82,85,94,81,85
83,71,98,88,82,62,81,95,98,77,88
61,87,92,81,73,0,68,77,87,74,0
83,80,93,77,80,92,77,82,86,73,0
0,0,0,0,0,0,0,0,0,0,0
87,89,98,83,82,0,85,88,87,81,0
81,93,87,87,71,83,86,95,87,84,82
85,87,87,75,84,87,85,95,83,81,88
0,0,0,0,0,0,0,0,0,0,0
71,87,92,80,93,92,89,79,83,91,0
87,94,98,88,84,85,89,98,98,96,98
61,83,98,80,83,87,78,83,79,80,0
92,96,90,82,80,92,91,90,87,84,79
66,88,92,83,67,87,86,95,87,96,84
87,92,98,90,76,0,71,70,87,92,93
84,86,92,87,88,0,89,90,87,78,98
74,81,92,82,92,85,86,79,76,81,90
87,81,86,73,70,70,79,63,90,73,83
83,87,84,82,79,70,72,78,85,80,84
77,89,98,83,95,98,60,79,92,78,95
80,92,92,86,89,98,92,95,98,93,94
0,0,0,0,0,0,0,0,0,0,0
67,87,92,78,78,83,85,79,92,80,77
66,75,98,73,74,96,80,94,92,75,0
0,0,0,0,0,0,0,0,0,0,0
74,87,98,80,76,0,84,78,70,87,0
86,96,94,85,83,92,88,82,87,90,91
81,87,92,82,79,92,88,95,92,83,85
82,82,92,82,79,83,82,72,89,81,89
66,73,90,78,80,70,84,93,85,77,0
74,83,98,79,79,98,81,83,92,87,91
81,89,98,90,78,87,89,95,92,84,83
82,86,98,85,98,98,94,98,83,80,89
67,0,0,0,88,0,0,0,0,0,0
0,0,0,0,0,0,0,0,0,0,0
71,92,98,82,85,85,73,98,92,87,95
70,87,92,74,76,98,79,92,76,90,84
92,88,92,91,90,0,80,87,87,93,0
67,87,92,87,83,83,79,83,83,84,80
0,0,0,0,0,0,0,0,0,0,0
83,90,98,88,88,88,70,87,76,85,91
85,86,98,80,76,87,82,97,92,80,86
0,0,0,0,0,0,0,0,0,0,0
84,91,91,75,86,83,86,70,89,84,74
70,60,60,77,84,92,60,60,98,60,93
0,0,0,0,0,0,0,0,0,0,0
85,89,98,81,80,92,84,98,98,85,85
92,89,98,90,89,76,93,88,98,97,0
0,0,0,0,0,0,0,0,0,0,0
0,83,87,87,87,0,68,87,92,77,80
0,0,0,0,0,0,0,0,0,0,0
85,90,98,86,76,92,81,95,87,88,91
82,86,92,76,84,92,69,97,87,89,87
0,0,0,0,0,0,0,0,0,0,0
81,90,90,90,83,83,87,93,93,88,84
90,85,98,85,88,88,90,83,76,94,91
89,89,98,86,80,92,97,85,94,89,90
71,78,93,77,80,92,77,79,86,74,87
0,0,0,0,0,0,0,0,0,0,0
78,85,92,84,91,87,87,100,87,89,83
76,82,98,81,77,98,84,83,98,86,88
0,88,87,86,84,0,76,73,87,79,0
75,88,92,88,91,0,77,70,87,78,0
88,93,92,93,93,98,89,92,98,91,99
83,84,98,90,87,83,94,87,98,81,94
78,92,92,86,90,76,85,85,92,96,0
0,0,0,0,0,0,0,0,0,0,0
80,90,98,79,77,98,91,98,92,76,94
71,80,91,67,82,70,61,70,88,62,86
76,78,72,75,88,83,69,78,85,85,84
79,85,92,80,93,92,86,79,83,83,90
63,74,92,72,79,87,87,79,87,70,72
0,0,0,0,0,0,0,0,0,0,0
73,71,92,74,76,94,76,79,76,69,86
62,88,92,74,84,92,93,87,70,77,0
84,87,92,85,77,90,85,79,79,96,90
67,67,83,76,82,0,70,88,87,60,0
0,0,0,0,0,0,0,0,0,0,0
85,92,98,90,72,98,95,100,98,90,76
63,83,98,60,85,92,79,98,87,64,75
88,83,98,91,88,0,68,85,92,82,0
92,90,98,87,93,0,70,96,92,86,94
81,84,92,87,88,0,85,95,92,90,0
83,87,92,76,76,87,86,95,70,77,0
81,77,76,80,76,92,91,95,73,84,79
82,85,92,83,80,0,83,60,92,83,0
89,90,98,84,82,0,88,98,98,90,0
0,0,0,0,0,0,0,0,0,0,0
84,89,98,86,88,0,85,83,92,88,0
89,88,92,86,76,87,90,100,98,94,0
0,0,0,0,0,0,0,0,0,0,0
84,92,98,87,86,85,89,98,98,85,89
0,0,0,0,0,0,0,0,0,0,0
83,93,98,90,86,98,89,79,79,87,90
76,77,96,70,85,83,60,65,88,70,87
79,78,98,79,82,0,84,84,92,70,0
73,83,92,83,85,76,76,98,92,74,97
86,80,92,88,90,0,82,81,87,79,0
84,85,98,83,80,92,88,95,92,89,94
82,92,98,90,93,76,84,98,98,86,99
0,0,0,0,0,0,0,0,0,0,0
72,87,98,68,92,90,76,70,79,72,91
0,0,0,0,0,0,0,0,0,0,0
81,86,93,82,88,92,77,88,89,77,0
63,66,87,80,0,76,80,83,87,60,0
65,81,92,84,82,0,82,95,87,75,0
0,0,92,0,0,0,0,90,0,0,0
84,94,96,89,81,83,92,86,92,79,91
64,86,88,71,92,70,68,70,83,75,84
0,0,0,0,0,0,0,0,0,0,0
0,91,92,86,87,0,74,90,92,87,0
51,83,92,77,80,0,71,70,87,72,0
0,0,0,0,0,0,0,0,0,0,0
74,84,92,73,65,87,81,97,92,85,0
0,0,0,0,0,0,0,0,0,0,0
61,80,98,77,97,83,78,79,87,66,68
0,0,0,0,0,0,0,0,0,0,0
79,97,98,92,90,98,91,98,98,90,0
96,84,92,88,88,0,83,80,87,82,0
71,88,98,64,85,92,81,87,87,72,72
82,74,87,75,77,92,78,95,79,75,81
85,75,87,86,86,0,71,81,87,73,0
75,92,83,81,94,94,91,92,87,87,95
78,86,90,84,79,83,76,90,87,85,88
0,88,98,88,82,0,82,87,92,83,94
71,85,92,74,85,98,85,79,87,71,79
0,0,0,0,0,0,0,0,0,0,0
78,84,92,77,85,92,77,90,90,81,90
0,0,0,0,0,0,0,0,0,0,0
78,75,92,74,75,92,70,95,79,76,79
78,88,71,71,80,83,86,71,87,85,0
0,0,0,0,0,0,0,0,0,0,0
85,92,98,86,91,76,95,98,98,93,92
76,89,86,74,82,83,86,80,87,86,87
90,87,98,79,82,0,87,80,92,71,0
78,97,92,87,86,85,90,88,92,81,97
90,91,93,86,79,83,95,81,90,94,88
82,88,98,85,93,87,92,92,83,93,94
68,0,0,80,85,0,0,0,79,0,0
72,84,92,78,90,76,72,85,98,72,87
87,85,98,88,100,0,80,95,98,84,90
69,75,98,67,83,92,85,79,87,61,76
84,97,92,80,71,70,67,79,87,79,91
72,84,79,80,85,76,78,85,76,68,0
88,93,98,93,90,98,99,79,87,95,0
73,90,98,75,87,98,83,98,98,87,89
76,80,92,73,88,83,86,83,92,68,63
75,80,92,81,90,87,72,95,83,71,85
89,84,89,72,85,70,62,79,87,77,83
74,83,98,76,90,92,83,98,92,73,86
75,85,92,84,80,0,85,80,87,86,0
0,0,0,0,0,0,0,0,0,0,0
84,83,93,81,80,92,68,86,88,90,84
70,88,93,75,80,83,81,85,87,83,79
76,90,93,68,86,83,73,90,89,81,89
81,89,92,84,89,85,83,92,83,87,0
78,87,92,80,85,0,69,84,87,76,0
71,83,92,75,80,92,92,92,76,87,0
79,81,95,76,93,92,73,90,92,75,89
71,85,92,77,78,85,73,88,92,67,89
73,80,98,83,83,76,90,88,87,86,88
89,86,98,86,89,0,80,83,87,82,0
75,86,87,83,74,76,87,85,79,82,90
0,0,0,0,0,0,0,0,0,0,0
0,0,0,0,0,0,0,0,0,0,0
0,0,0,0,0,0,0,0,0,0,0
84,83,92,75,87,98,80,98,98,82,83
64,94,98,82,77,76,80,92,98,92,91
89,85,92,84,83,0,81,80,92,85,0
91,89,98,90,81,0,85,80,87,84,0
74,82,92,83,95,76,90,98,98,94,99
81,80,95,68,80,83,81,90,91,74,89
83,94,98,88,88,90,85,92,79,87,91
0,0,0,0,0,0,0,0,0,0,0
78,90,98,76,78,92,90,83,92,81,73
77,76,75,68,70,83,69,69,83,63,1
81,83,92,85,85,73,76,95,70,81,0
0,0,0,0,0,0,0,0,0,0,0
80,85,98,86,86,88,83,92,79,88,89
86,87,98,89,89,98,92,98,92,85,94
78,88,93,72,80,83,72,78,90,85,84
0,0,0,0,0,0,0,0,0,0,0
77,92,98,87,94,90,85,92,92,90,92
81,82,92,84,72,87,79,97,87,87,87
81,94,94,82,89,92,86,82,92,93,89
82,78,92,83,80,0,83,94,87,81,81
0,0,0,0,0,0,0,0,0,0,0
74,90,96,78,80,83,84,89,92,69,0
72,85,92,80,87,88,90,79,79,85,91
61,82,92,81,85,98,68,100,76,60,92
81,88,92,82,78,0,82,81,87,80,0
78,86,98,84,76,92,89,95,83,86,63
69,76,92,87,69,76,81,87,87,74,83
78,86,88,81,75,83,75,68,89,90,84
86,87,92,78,78,92,80,95,83,72,0
77,76,87,81,83,0,62,83,92,78,0
66,93,92,78,69,76,88,83,92,83,94
89,94,98,84,92,98,95,98,83,94,96
67,71,87,76,65,79,76,95,76,68,79
77,89,92,83,88,92,84,79,87,84,90
81,92,98,78,78,87,81,95,98,83,81
70,81,92,80,85,88,83,79,76,84,87
0,0,0,0,0,0,0,0,0,0,0
75,77,87,79,76,87,73,97,98,71,0
75,92,92,86,84,76,89,76,87,94,0
75,87,98,74,90,98,92,85,92,80,94
0,0,0,0,0,0,0,0,0,0,0
67,84,92,76,83,83,85,83,92,73,84
73,81,92,78,79,83,87,83,87,71,86
66,86,77,73,91,70,69,69,87,88,76
77,94,93,78,80,83,84,70,90,89,90
67,76,92,71,87,83,85,87,87,69,72
79,87,97,79,89,83,60,88,88,86,86
83,86,92,88,88,76,83,88,92,82,88
77,96,92,88,84,0,66,90,98,83,94
85,73,92,77,83,92,86,87,92,70,74
82,82,98,86,77,83,89,95,92,83,90
86,85,92,87,88,0,80,90,87,87,0
70,70,75,75,71,83,63,68,87,61,78
79,78,87,82,71,87,76,83,83,83,75
81,82,98,79,91,98,81,83,76,91,94
83,88,79,80,89,85,87,70,76,85,88
81,94,92,90,82,70,80,75,95,83,75
71,80,87,78,72,76,69,83,79,86,86
79,90,77,76,82,62,81,79,88,82,0
80,79,85,63,85,83,86,69,85,60,76
77,90,87,78,73,76,63,88,87,65,85
75,86,90,65,80,83,86,75,92,90,87
67,93,93,75,80,83,75,85,91,73,87
85,94,92,87,90,98,94,87,83,87,0
85,83,98,82,87,0,71,96,98,85,0
81,85,87,82,69,76,89,79,87,91,0
65,90,98,81,75,98,89,87,98,84,94
71,88,92,89,70,76,83,76,92,83,89
69,94,92,78,73,76,88,83,87,83,86
76,78,94,72,79,83,62,85,90,77,81
70,77,87,72,62,79,66,90,76,84,75
85,89,92,85,88,98,88,79,92,93,93
74,82,92,74,71,76,60,90,83,86,91
0,0,0,0,0,0,0,0,0,0,0
62,79,92,75,78,92,71,83,87,66,73
80,82,92,84,82,0,79,89,92,86,88
65,88,92,83,77,92,88,97,87,87,81
88,90,98,77,91,85,80,98,87,88,90
87,87,98,78,85,92,92,100,92,87,91
80,95,92,82,73,92,88,100,83,86,75
0,0,0,0,0,0,0,0,0,0,0
65,61,92,67,83,83,73,83,92,72,79
83,90,92,83,90,76,83,83,98,91,96
73,91,98,84,96,98,88,83,87,85,90
74,76,87,80,81,92,80,95,83,78,69
68,72,83,78,72,92,60,95,79,78,79
0,0,0,0,0,0,0,0,0,0,0
60,78,92,60,80,83,64,83,87,63,74
72,85,98,81,94,94,87,98,79,87,90
82,90,92,86,85,98,83,92,76,90,89
65,88,83,70,88,62,73,71,86,69,61
70,79,98,78,85,92,90,83,83,80,84
0,0,0,0,0,0,0,0,0,0,0
64,85,92,69,82,98,72,83,92,84,77
76,75,87,79,81,83,66,80,90,75,83
80,79,92,83,86,0,85,92,73,76,0
85,84,98,85,77,98,90,95,83,83,89
73,86,83,78,83,0,72,72,87,71,0
63,87,98,80,85,92,60,96,91,63,91
64,87,92,79,90,88,83,92,79,79,90
89,82,98,85,82,0,77,77,92,73,0
85,80,87,83,77,0,69,72,73,74,77
0,0,0,0,0,0,0,0,0,0,0
0,90,92,67,82,0,91,78,87,84,0
85,85,98,85,86,0,85,83,87,92,0
0,0,0,0,0,0,0,0,0,0,0
71,82,92,76,79,87,77,95,87,78,87
68,80,93,70,83,83,71,85,92,78,90
76,0,0,0,82,0,0,0,0,0,0
0,0,0,0,0,0,0,0,0,0,0
69,84,98,82,80,0,89,80,87,84,84
0,0,0,0,0,0,0,0,0,0,0
77,83,92,67,80,87,70,100,83,62,84
0,0,0,0,0,0,0,0,0,0,0
67,83,98,69,79,92,80,83,98,74,74
68,83,87,85,72,92,85,95,83,79,84
77,66,87,64,75,87,82,95,92,80,75
75,86,96,75,79,92,66,80,86,68,0
73,69,66,72,67,92,77,95,87,72,83
77,98,95,75,82,83,86,75,90,93,89
77,69,87,70,92,0,64,75,87,70,0
85,90,98,83,90,76,90,87,92,95,95
83,89,92,83,84,76,88,83,87,88,98
79,88,92,85,83,0,83,81,92,92,88
86,90,92,79,75,0,88,84,92,87,82
68,71,92,60,75,76,70,81,92,72,0
0,0,0,0,0,0,0,0,0,0,0
83,80,98,78,84,76,81,87,92,82,89
85,91,92,68,90,87,84,100,76,83,74
67,92,98,79,78,98,84,100,98,88,92
84,86,86,74,70,83,80,85,87,84,72
76,96,98,86,86,76,89,92,92,84,91
74,83,92,78,73,76,68,98,83,84,0
0,0,0,0,0,0,0,0,0,0,0
88,81,98,86,89,76,87,85,87,68,0
78,85,92,79,85,92,85,96,83,90,87
72,79,92,83,84,0,83,80,92,82,84
74,86,87,76,89,83,86,95,83,84,78
69,86,92,81,82,0,74,80,87,74,84
70,87,94,81,90,92,78,85,92,79,86
60,72,92,76,81,92,85,83,87,76,69
84,92,92,83,89,87,87,95,92,94,80
74,85,87,78,82,0,71,73,87,80,0
0,0,0,0,0,0,0,0,0,0,0
69,80,92,81,74,76,81,85,83,79,0
83,84,92,85,80,0,75,71,98,72,81
0,0,0,0,0,0,0,0,0,0,0
81,94,98,92,96,98,91,97,98,92,94
78,83,92,77,80,76,69,98,83,81,0
60,83,92,79,87,98,82,87,98,68,94
65,84,62,70,82,76,88,79,87,68,0
71,76,83,73,65,98,70,95,83,77,73
64,82,92,71,80,83,75,83,98,67,74
85,86,76,78,71,98,82,95,87,85,85
0,0,0,0,0,0,0,0,0,0,0
78,91,87,80,78,76,88,85,87,81,84
89,81,98,81,89,90,96,92,76,86,92
67,90,79,76,82,83,68,75,90,82,0
62,76,92,78,81,83,75,83,87,75,78
69,81,92,81,79,87,83,79,76,77,87
83,94,87,82,83,76,86,92,92,84,0
64,79,87,60,86,72,72,85,83,60,0
60,76,30,66,81,0,40,0,70,73,0
90,79,87,86,77,0,71,87,87,73,80
60,82,93,71,85,70,72,89,87,84,78
79,91,98,86,85,76,86,94,92,95,91
83,89,98,86,84,0,82,85,87,80,81
68,75,83,80,72,83,67,95,76,78,77
85,85,92,83,90,98,90,95,92,87,86
0,0,0,0,0,0,0,0,0,0,0
65,63,62,73,85,83,67,73,87,64,0
71,67,87,77,82,0,60,70,76,63,0
84,90,92,85,83,87,88,95,92,89,91
74,85,92,81,82,76,71,85,79,80,86
0,0,0,0,0,0,0,0,0,0,0
92,93,98,95,82,92,97,97,92,96,92
74,83,87,73,74,85,65,78,87,61,0
70,80,86,62,90,70,63,65,85,70,87
84,84,98,83,84,92,90,100,92,92,89
75,87,98,82,93,98,86,92,87,84,0
0,84,92,85,84,0,73,76,87,80,0
81,87,92,81,76,87,79,100,92,86,84
82,78,83,70,84,0,75,81,83,84,81
65,83,92,66,81,92,85,83,92,75,84
74,80,79,73,82,88,71,62,79,85,88
71,85,92,84,87,87,87,95,92,84,84
81,60,92,68,86,83,66,95,83,62,0
73,0,0,67,85,0,0,0,87,0,87
65,83,92,70,80,83,65,89,95,67,89
72,78,80,81,82,83,68,80,90,60,82
80,86,92,83,91,87,80,79,79,83,88
75,77,89,65,80,70,66,79,87,68,80
0,0,0,0,0,0,0,0,0,0,0
60,76,98,75,95,83,81,87,98,77,73
81,89,92,89,83,0,94,80,92,84,0
54,74,73,0,80,0,62,35,30,69,0
0,0,0,0,0,0,0,0,0,0,0
67,74,92,78,80,0,68,85,92,73,0
68,87,90,82,70,83,60,79,85,90,83
67,70,92,78,87,0,79,76,87,67,0
64,79,92,76,91,83,74,79,79,73,62
75,83,98,81,85,79,78,83,92,71,75
68,87,92,76,81,76,74,88,83,78,87
60,61,30,67,77,61,60,60,87,60,0
0,0,0,0,0,0,0,0,0,0,0
82,92,83,81,83,98,87,97,87,87,92
80,87,92,79,79,76,82,90,92,76,0
76,80,98,82,71,76,81,83,92,89,86
83,87,93,66,81,83,72,87,89,80,84
79,82,83,81,72,87,86,75,92,72,96
85,89,98,92,66,98,90,100,92,64,96
85,91,92,80,85,88,83,79,83,86,88
0,0,0,0,0,0,0,0,0,0,0
71,79,98,77,88,98,72,98,87,83,0
64,81,83,80,76,87,80,95,76,80,0
72,78,91,74,85,92,66,80,92,75,83
84,79,92,88,82,76,75,80,87,79,0
73,80,98,78,78,87,70,95,87,81,85
82,85,83,60,87,83,80,95,87,84,0
74,87,92,88,78,87,75,95,92,80,82
62,67,92,77,80,92,77,83,98,67,74
74,83,92,78,85,92,69,89,88,77,77
63,68,92,74,78,87,72,95,87,73,76
77,75,83,83,81,85,79,70,79,69,88
0,0,0,0,0,0,0,0,0,0,0
74,92,92,82,85,88,82,92,79,79,88
77,90,92,92,74,76,83,83,92,87,0
68,85,83,74,72,76,75,79,87,79,0
63,63,79,76,75,76,61,79,92,67,77
81,83,98,84,89,76,89,83,92,97,0
0,0,0,0,0,0,0,0,0,0,0
74,87,87,62,79,70,67,78,88,78,79
90,84,87,83,82,0,77,81,87,87,0
87,92,92,81,80,76,84,85,79,95,0
81,84,79,80,79,70,69,69,85,77,75
90,81,98,89,93,0,84,91,87,84,82
88,83,98,83,81,66,73,81,87,86,88
0,0,0,0,0,0,0,0,0,0,0
66,78,80,67,79,83,60,75,85,60,78
62,69,87,60,79,83,88,62,76,75,64
68,90,87,72,81,62,81,80,90,82,90
0,0,0,0,0,0,0,0,0,0,0
81,88,87,80,81,66,69,95,76,85,60
60,94,92,73,79,83,75,83,83,80,79
93,84,92,77,70,98,77,95,79,73,80
72,82,92,82,85,87,84,95,92,77,94
0,89,98,79,82,0,79,81,83,71,0
70,77,87,66,82,0,68,80,87,68,0
0,0,0,0,0,0,0,0,0,0,0
60,71,92,62,77,83,63,83,98,69,74
72,78,92,78,76,76,68,77,87,69,0
74,83,98,71,73,92,85,98,87,85,72
0,0,0,0,0,0,0,0,0,0,0
75,74,79,77,80,83,84,95,87,65,81
0,0,0,0,0,0,0,0,0,0,0
70,87,92,75,87,98,83,79,76,77,88
82,89,87,92,83,0,85,72,87,88,0
81,78,98,81,78,0,78,83,87,80,0
75,85,98,83,86,90,81,98,87,75,92
0,0,0,0,0,0,0,0,0,0,0
73,91,92,89,79,87,88,100,87,92,78
76,90,92,62,90,90,82,92,76,91,82
72,90,92,74,76,94,77,98,87,86,85
60,85,92,76,81,83,88,87,87,67,84
73,78,92,80,85,98,70,95,98,82,0
79,76,98,70,87,83,74,92,83,75,89
77,83,94,79,87,81,84,88,94,81,95
64,77,92,76,77,76,69,79,87,69,89
61,85,87,71,84,76,72,85,87,63,91
66,89,98,75,92,98,82,100,98,94,92
86,91,92,83,90,72,88,98,92,96,95
70,64,92,73,77,76,67,90,87,74,0
73,77,92,85,84,76,80,87,83,86,0
61,74,79,76,69,92,66,95,76,64,68
0,88,98,82,82,0,80,86,87,87,0
61,78,92,70,85,92,69,83,98,66,73
77,79,98,85,74,87,80,95,87,85,82
81,83,98,67,90,87,83,87,98,76,81
79,89,98,76,83,85,80,98,92,89,94
70,85,98,82,86,76,75,83,87,89,94
0,92,87,84,76,0,64,79,92,84,0
68,74,78,67,79,83,60,69,85,67,72
81,84,92,72,90,85,87,79,76,88,90
75,82,98,85,71,76,65,83,83,79,86
84,67,98,83,94,0,62,85,87,66,0
79,87,92,83,83,76,80,83,83,87,0
72,94,73,77,67,92,67,93,79,84,79
77,92,98,73,85,83,92,98,98,81,81
83,72,92,68,82,76,77,88,79,87,94
67,76,92,78,73,98,70,95,79,78,82
60,81,92,74,84,88,86,79,79,76,0
75,70,87,61,66,76,73,72,62,71,0
61,69,92,73,71,76,76,76,92,66,88
78,93,92,76,85,92,84,90,90,80,0
0,0,0,0,0,0,0,0,0,0,0
0,85,98,81,82,0,64,75,87,82,80
0,0,0,0,0,0,0,0,0,0,0
74,87,92,84,67,98,78,100,87,83,81
69,78,76,66,84,0,58,80,79,60,0
84,75,87,76,71,0,76,59,92,75,0
65,82,88,67,80,92,68,77,86,69,85
66,85,98,72,82,76,79,92,92,73,92
81,95,98,86,82,87,83,95,83,82,10
87,84,98,88,91,98,86,87,87,86,0
68,88,83,76,87,85,84,79,76,68,87
0,0,0,0,0,0,0,0,0,0,0
83,78,92,82,82,0,89,82,87,70,0
84,90,98,84,83,88,87,92,87,82,96
85,86,87,64,71,70,67,66,87,78,83
76,78,98,74,83,83,78,83,92,90,81
72,84,87,77,88,76,77,98,92,75,90
62,88,92,78,80,0,84,92,92,80,0
87,73,83,77,77,76,69,83,83,77,83
60,77,76,60,76,87,60,70,76,69,83
72,91,98,84,87,98,82,100,98,84,91
0,0,0,0,0,0,0,0,0,0,0
73,81,88,72,87,83,85,79,86,76,79
58,44,30,0,0,0,22,0,62,0,0
93,74,87,76,87,87,67,95,87,67,84
0,0,0,0,0,0,0,0,0,0,0
79,67,98,74,94,0,73,80,87,61,0
90,77,83,76,77,87,79,95,87,74,91
60,61,98,60,82,83,64,83,76,62,73
64,70,92,72,91,98,84,83,76,64,85
77,94,98,73,86,76,93,98,92,87,88
80,92,92,75,81,76,78,85,79,88,0
80,83,92,83,80,0,83,81,87,75,0
81,83,98,77,85,88,91,70,79,92,92
0,0,0,0,0,0,0,0,0,0,0
60,67,92,60,85,79,62,83,83,64,66
79,86,92,74,79,87,89,79,76,81,88
61,78,92,76,84,76,72,76,92,88,0
63,0,30,62,87,92,67,87,98,60,75
78,81,91,76,87,70,84,88,87,80,78
67,82,92,67,88,92,79,83,91,78,87
66,66,98,77,84,0,75,67,92,69,0
73,69,83,68,80,88,71,83,79,75,88
74,87,92,85,83,98,88,95,98,85,97
0,87,98,87,87,0,84,80,87,84,0
77,86,98,78,80,76,87,83,92,84,82
0,0,0,0,0,0,0,0,0,0,0
72,83,92,73,81,85,86,92,76,83,88
0,0,0,0,0,0,0,0,0,0,0
77,75,92,72,72,76,75,79,87,81,0
65,68,76,70,86,85,60,62,79,60,87
0,0,0,0,0,0,0,0,0,0,0
35,0,30,62,75,0,0,0,66,0,75
80,80,92,70,80,98,82,81,87,78,78
60,90,87,80,80,85,67,85,83,76,85
70,90,98,81,74,76,90,83,87,93,0
83,89,98,79,82,92,77,95,87,85,81
0,0,0,0,0,0,0,0,0,0,0
84,88,98,86,77,0,82,81,92,83,86
0,80,92,0,0,0,69,80,92,68,0
21,76,30,2,0,0,64,9,30,6,10
80,85,87,80,71,76,88,88,87,76,0
69,80,90,73,78,83,63,85,87,78,80
60,78,92,81,69,76,62,70,83,74,67
72,78,92,78,74,76,76,85,87,68,91
60,64,92,61,79,92,70,87,83,60,81
84,72,83,69,84,92,71,95,70,78,81
61,78,92,76,73,83,87,79,87,71,62
60,70,70,64,71,76,65,81,66,78,10
69,70,85,68,78,83,65,70,85,77,74
74,74,92,82,66,92,83,95,83,79,95
60,60,79,72,80,85,69,70,76,62,87
76,82,94,76,80,92,72,83,88,60,77
61,80,87,76,73,83,62,80,89,76,77
78,84,92,79,76,62,81,90,83,75,85
73,60,92,60,85,83,66,83,83,70,0
69,73,92,80,82,0,60,77,87,70,0
65,76,87,73,90,87,74,95,98,75,75
66,80,98,75,85,0,81,86,79,72,0
67,61,92,71,79,76,66,87,87,61,71
78,88,83,85,76,76,75,76,87,92,94
60,74,76,60,84,92,86,85,85,61,75
68,85,86,65,85,70,61,79,85,81,81
78,88,62,82,71,76,80,70,79,79,60
84,85,92,85,85,0,95,81,87,87,0
0,0,0,0,0,0,0,0,0,0,0
82,86,87,60,83,88,60,90,76,78,86
74,78,95,72,83,70,62,90,92,68,85
68,0,0,0,0,0,0,0,0,0,0
0,0,0,0,0,0,0,0,0,0,0
71,71,70,68,85,81,74,79,76,75,84
60,88,83,73,87,87,76,97,83,78,85
80,74,92,74,75,87,63,95,76,86,80
72,75,89,66,71,83,69,72,85,70,82
78,76,87,84,78,72,69,80,87,71,81
71,83,92,83,89,88,83,79,76,80,88
69,66,83,75,83,88,74,76,66,60,87
60,71,92,70,79,83,70,83,83,80,80
66,85,90,62,82,62,73,81,85,75,91
74,77,87,76,73,87,80,95,87,80,79
61,72,98,75,80,83,68,79,92,63,79
61,82,61,71,85,83,72,80,89,77,53
0,0,0,0,0,0,0,0,0,0,0
77,83,92,72,87,79,88,79,73,75,81
0,77,76,68,73,0,70,88,76,70,0
77,78,70,71,60,79,88,70,83,77,79
60,76,64,67,71,62,60,63,79,76,64
63,72,92,75,79,88,75,79,83,80,87
89,83,92,82,81,0,91,92,87,80,88
81,81,92,75,82,76,60,79,92,86,0
61,82,98,69,84,83,83,87,83,65,83
68,72,98,83,87,87,85,95,83,78,96
0,0,30,0,0,30,0,0,0,0,0
61,85,98,73,90,88,87,79,76,80,91
60,65,79,70,74,83,72,95,83,64,0
0,87,98,73,0,0,83,0,0,90,0
0,0,0,0,0,0,0,0,0,0,0
72,72,98,71,80,0,75,70,87,64,0
86,71,79,75,82,0,47,72,87,60,0
61,65,71,67,85,83,61,65,86,65,60
78,70,92,72,89,90,77,83,76,76,87
66,72,92,73,84,0,70,70,87,68,0
83,91,92,75,89,83,90,79,76,83,91
77,83,92,79,87,76,84,73,92,80,86
60,82,92,66,79,83,78,83,92,70,68
0,0,0,0,0,0,0,0,0,0,0
64,80,92,79,80,83,83,95,87,76,86
72,80,87,74,80,92,67,95,73,75,68
69,76,84,70,82,83,64,75,90,60,77
60,67,87,71,79,0,84,83,87,69,0
56,80,98,74,80,0,79,91,79,86,79
78,85,87,82,97,98,70,98,92,78,95
64,91,92,76,86,87,73,97,92,80,82
80,83,92,67,82,0,62,60,83,62,77
70,0,0,0,0,0,0,0,0,0,0
62,70,87,61,80,70,61,68,86,80,73
73,81,87,78,66,87,73,95,98,77,88
0,0,0,0,0,0,0,0,0,0,0
0,0,0,0,0,0,0,0,0,0,0
65,75,76,75,80,61,71,60,70,60,0
77,79,92,84,86,88,81,79,76,77,83
68,83,92,78,66,92,84,95,87,80,83
0,0,0,0,0,0,0,0,0,0,0
79,85,92,85,76,88,89,70,76,81,85
80,91,87,75,74,76,85,83,79,93,87
69,85,92,70,80,98,84,79,76,70,89
74,83,98,74,91,76,82,88,92,72,90
66,83,92,79,80,92,71,95,83,66,81
92,90,98,85,92,76,88,98,98,93,0
60,75,98,71,91,98,70,79,76,66,87
61,83,92,69,70,85,81,62,76,68,79
63,71,92,71,80,92,67,79,79,60,0
66,79,92,68,85,88,79,79,76,82,89
86,81,83,84,87,0,78,67,87,66,0
33,60,83,46,80,76,62,79,76,60,64
0,74,98,76,87,0,81,87,87,86,0
78,87,92,88,77,90,93,92,87,88,0
70,67,83,67,89,83,63,78,90,60,77
67,65,98,71,78,85,67,98,76,77,91
78,86,98,84,84,76,91,92,92,80,0
60,71,98,68,78,83,60,83,92,60,73
0,0,0,0,0,0,0,0,0,0,0
61,67,92,74,79,76,75,98,92,68,69
86,91,94,80,97,98,92,82,90,91,0
68,0,0,0,0,0,0,0,0,0,0
82,82,87,77,85,87,86,95,83,92,84
66,87,92,76,90,94,73,79,76,84,87
74,70,83,75,80,94,74,79,76,60,88
79,83,87,76,89,76,71,79,92,76,0
68,85,77,73,80,83,76,79,89,77,81
63,66,83,61,76,87,64,95,83,68,65
61,74,87,60,80,83,63,78,85,63,77
64,89,92,72,76,92,90,79,76,87,90
76,76,83,76,84,88,82,70,79,77,85
83,80,79,83,79,76,63,73,70,76,0
60,68,92,68,85,87,64,79,76,65,83
60,75,92,70,82,79,78,83,92,73,82
60,65,92,67,89,88,60,70,76,68,84
72,73,92,84,83,76,84,98,98,84,95
75,66,83,68,79,79,68,83,87,64,77
61,77,88,65,87,83,61,75,85,75,82
0,0,0,0,0,0,0,0,0,0,0
65,65,76,80,74,98,77,90,79,81,76
73,75,87,79,71,83,80,95,76,60,73
73,80,70,80,76,85,75,73,87,74,65
60,66,98,74,79,88,80,83,76,60,86
79,73,87,81,70,98,81,90,87,81,0
60,72,79,60,79,92,64,75,86,60,75
82,88,98,70,90,92,88,100,92,86,81
81,88,98,78,96,98,85,98,83,67,93
75,81,92,80,82,76,75,79,92,85,0
76,83,98,84,88,76,77,98,98,81,0
60,76,92,60,84,83,79,83,79,77,64
76,77,87,81,66,92,71,95,87,67,79
77,87,83,80,89,88,88,79,76,75,87
64,76,92,72,76,94,72,92,79,75,85
75,96,92,82,87,98,74,60,92,77,0
63,63,83,65,74,88,65,70,73,60,75
60,62,30,65,80,0,28,0,87,49,0
66,81,87,76,80,76,79,76,87,77,0
68,85,92,72,78,94,69,79,73,73,88
0,0,0,0,0,0,0,0,0,0,0
65,78,92,80,86,92,77,92,87,79,66
60,78,83,70,84,70,60,78,85,60,0
60,69,92,63,81,83,64,83,66,61,77
70,79,92,83,80,0,76,75,87,79,0
65,88,66,66,77,98,74,75,73,72,72
0,84,92,79,76,0,81,84,87,71,0
87,86,92,80,84,0,84,70,87,84,0
0,0,0,0,0,0,0,0,0,0,0
62,82,70,75,80,62,60,70,88,60,77
0,0,0,0,0,0,0,0,0,0,0
60,73,93,65,79,92,63,85,87,74,81
71,84,92,76,79,92,85,76,79,84,87
63,73,92,68,80,79,74,83,87,65,69
63,66,83,74,65,92,67,95,83,62,0
60,62,73,71,80,85,69,62,73,60,0
71,62,83,63,75,83,62,83,83,60,67
80,66,87,81,74,0,70,73,87,73,84
73,81,92,70,85,81,81,79,76,79,89
0,0,0,0,0,0,0,0,0,0,0
61,86,89,66,79,83,68,80,87,74,0
72,78,87,75,74,76,61,83,87,68,0
63,80,83,61,73,92,75,95,98,76,70
77,72,92,79,85,87,79,100,92,74,80
84,77,87,71,66,87,82,95,76,65,79
65,90,90,69,79,70,60,85,91,77,81
60,68,83,61,75,83,68,79,73,60,70
73,64,62,67,73,76,60,92,92,64,72
63,72,92,65,88,83,73,92,92,67,60
60,80,76,81,78,85,67,79,73,67,86
71,69,83,67,78,76,75,79,87,60,70
71,61,70,63,73,70,47,66,87,61,20
0,0,0,0,0,0,0,0,0,0,0
67,80,98,76,90,88,80,70,83,82,88
72,63,66,70,67,92,60,92,73,60,0
66,69,92,71,75,76,74,83,87,72,87
62,62,92,70,77,83,61,79,83,67,79
82,90,98,79,83,76,85,90,83,81,0
62,83,92,68,87,88,76,70,76,61,89
72,60,79,71,73,76,69,88,70,70,0
66,86,92,81,71,76,78,90,87,82,92
74,75,92,78,76,94,69,98,73,78,89
63,82,98,74,83,90,77,83,76,81,0
0,79,92,79,82,0,65,63,87,80,0
64,88,92,81,80,98,84,95,98,70,89
60,85,92,70,76,76,66,87,92,61,84
51,71,76,72,80,0,60,75,83,70,74
64,78,92,77,80,92,73,83,98,71,69
62,82,79,60,65,62,61,62,85,60,76
80,91,83,88,76,87,78,95,76,85,86
60,62,92,71,87,76,60,87,83,71,64
0,0,0,0,0,0,0,0,0,0,0
72,84,98,81,81,81,80,88,90,84,0
64,83,92,75,86,98,82,79,76,79,89
64,85,95,77,86,83,78,81,85,82,75
60,78,68,60,80,83,65,77,86,60,75
80,85,87,83,83,76,74,88,87,70,90
66,68,94,60,80,70,68,78,86,65,81
47,55,87,62,79,0,42,77,83,63,0
60,79,81,65,86,62,60,78,88,64,77
0,0,0,0,0,0,0,0,0,0,0
0,67,92,60,83,0,69,78,79,54,0
0,0,0,0,0,0,0,0,0,0,0
60,72,83,74,81,81,75,70,76,78,84
33,8,30,46,0,60,4,61,30,8,60
61,73,65,63,80,70,60,75,86,60,78
60,60,73,61,80,83,60,65,83,60,74
21,43,64,66,82,62,60,79,82,60,60
60,73,76,68,67,76,71,66,83,60,0
60,72,92,80,81,90,76,70,83,71,84
0,0,0,0,0,0,0,0,0,0,0
65,85,79,77,76,87,81,95,92,86,85
0,0,0,0,0,0,0,0,0,0,0
75,88,92,73,76,85,85,76,76,77,86
76,74,70,70,72,87,65,95,66,67,75
66,74,30,63,83,83,60,85,96,62,84
73,81,92,71,82,94,66,83,79,71,84
62,63,92,60,85,92,78,83,87,61,80
60,61,90,61,79,92,71,72,84,61,77
81,77,92,72,80,87,78,95,87,76,82
0,0,0,0,0,0,0,0,0,0,0
74,71,30,65,90,66,60,62,73,84,68
74,78,92,84,89,85,83,92,76,72,89
64,68,72,62,84,83,77,71,87,60,72
62,83,92,73,88,98,86,76,87,72,90
74,76,98,81,91,98,62,83,79,63,89
60,72,73,63,80,81,60,88,81,72,78
81,85,92,78,79,76,80,73,87,79,83
60,74,83,62,79,83,72,62,87,64,67
64,60,73,63,71,0,76,68,73,67,61
64,60,87,71,70,76,62,66,87,73,71
78,85,87,76,70,76,66,83,87,79,0
69,77,70,70,83,76,83,73,92,61,60
63,69,73,62,73,76,70,79,92,61,60
73,78,83,80,80,76,69,73,83,80,0
62,69,92,70,74,92,60,95,76,73,0
60,90,92,65,72,64,77,85,92,76,0
71,79,92,69,83,90,86,92,76,77,88
61,71,92,71,85,98,64,70,76,77,88
69,60,62,66,82,92,63,88,76,62,0
63,78,92,70,79,94,76,83,76,74,91
0,85,98,63,82,0,0,0,0,0,74
60,61,79,67,70,83,60,70,76,60,86
60,62,92,67,85,83,60,79,83,60,73
62,69,92,69,75,83,63,83,87,61,79
75,63,92,69,79,94,84,79,73,70,87
60,63,92,66,81,83,63,83,92,63,82
72,60,86,67,80,0,64,83,86,63,83
67,66,92,67,76,94,74,79,76,75,87
70,60,83,62,65,87,62,95,66,68,75
62,75,83,66,78,92,63,65,83,67,73
69,74,87,70,71,76,68,88,87,65,71
65,78,70,66,78,73,60,62,73,70,86
60,80,83,68,80,70,79,68,86,67,76
65,60,83,69,78,83,60,83,76,64,79
0,0,0,0,0,0,0,0,0,0,0
0,0,0,0,0,0,0,0,0,0,0
57,61,83,68,70,10,53,76,92,65,82
55,61,30,61,64,0,29,30,62,65,0
0,0,0,0,0,0,0,0,0,0,0
0,0,0,0,0,0,0,0,0,0,0
76,60,83,72,75,69,60,63,0,0,0
46,54,83,70,82,0,42,67,87,49,0
76,65,62,60,70,87,60,75,73,61,60
61,82,83,77,77,86,82,84,88,69,82
0,0,44,0,0,28,0,26,0,0,0
55,68,87,73,80,0,63,87,87,78,91
0,0,0,0,0,0,0,0,0,0,0
0,0,0,0,0,0,0,0,0,0,0
61,70,62,64,70,72,60,67,70,60,10
54,60,30,61,0,10,50,30,87,57,0
39,61,30,60,0,30,60,30,62,60,10
47,60,62,60,0,85,55,30,70,60,60
0,0,0,0,0,0,0,0,0,0,0
0,0,0,0,0,0,0,0,0,0,0
64,61,70,62,78,44,37,24,44,58,0
20,37,30,20,0,62,20,70,70,68,0
0,0,0,0,0,0,0,0,0,0,0
0,0,30,0,0,0,1,7,30,32,0
39,55,81,40,86,0,49,26,90,45,0
60,0,30,65,74,76,0,62,87,60,61
69,63,70,61,75,0,60,0,83,25,19
0,0,0,0,0,0,0,0,0,0,0
45,65,86,66,77,0,47,27,76,60,86
42,51,44,31,86,0,47,0,90,0,0
0,0,0,0,0,0,0,0,0,0,0
31,0,0,0,65,0,0,0,0,0,0
0,20,69,30,79,76,34,60,86,20,20
0,0,30,0,0,0,0,30,30,0,10
50,47,62,61,69,61,42,60,62,28,0
0,0,30,0,0,0,0,7,30,0,0
0,0,0,0,0,0,0,0,0,0,0
0,0,30,60,0,30,60,62,30,64,0
0,0,0,0,0,0,0,0,0,0,0
0,0,0,0,0,0,0,0,0,0,0
0,0,0,0,0,0,0,0,0,0,0
0,0,0,0,0,0,0,0,0,0,0
0,0,0,0,0,0,0,0,0,0,0
0,0,0,0,0,0,0,0,0,0,0
0,0,0,0,0,0,0,0,0,0,0
0,0,0,0,0,0,0,0,0,0,0
0,0,0,0,0,0,0,0,0,0,0
0,0,0,0,0,0,0,0,0,0,0
0,0,0,0,0,0,0,0,0,0,0
0,0,0,0,0,0,0,0,0,0,0
74,0,75,67,70,70,70,69,85,61,76
0,0,0,0,0,0,0,0,0,0,0
0,0,0,0,0,0,0,0,0,0,0
0,0,0,0,0,0,0,0,0,0,0
0,0,0,0,0,0,0,0,0,0,0
0,0,0,0,0,0,0,0,0,0,0
0,0,0,0,0,0,0,0,0,0,0
0,60,0,60,0,62,0,62,0,60,9
0,0,0,0,0,0,0,0,0,0,0
0,0,0,75,0,0,0,0,0,0,0
0,0,0,0,0,0,0,0,0,0,0
0,0,0,0,0,0,0,0,0,0,0
0,0,0,0,0,0,0,0,0,0,0
0,0,0,0,0,0,0,0,0,0,0
0,0,0,0,0,0,0,0,0,0,0
0,0,0,0,0,0,0,0,0,0,0
0,0,0,0,0,0,0,0,0,0,0
0,0,0,0,0,0,0,0,0,0,0
0,0,0,0,0,0,0,0,0,51,0
0,0,0,0,0,0,0,0,0,0,0
0,0,0,0,0,0,0,0,0,0,0
0,0,0,0,0,0,0,0,0,0,0
0,0,0,0,0,0,0,0,0,0,0
0,0,0,0,0,0,0,0,0,0,0
0,0,0,0,0,0,0,0,0,0,0
0,0,0,0,0,0,0,0,0,0,0
0,0,0,81,0,0,0,0,0,0,0
0,0,0,0,0,0,0,0,0,0,0
0,0,0,0,0,0,0,0,0,0,0
0,0,0,0,0,0,0,0,0,0,0
0,0,0,0,0,0,0,0,0,0,0
0,0,0,0,0,0,0,0,0,0,0
0,0,0,0,0,0,0,0,0,0,0
0,0,0,0,0,0,0,0,0,0,0
0,0,0,0,0,0,0,0,0,0,0
0,0,0,0,0,0,0,0,0,0,0
0,0,0,0,0,0,0,0,0,0,0
0,0,0,0,0,0,0,0,0,0,0
0,0,0,0,0,0,0,0,0,0,0
0,0,0,0,0,0,0,0,0,0,0
0,0,0,0,0,0,0,0,0,0,0
71,88,62,60,85,87,66,73,83,82,0
0,0,0,0,0,0,0,0,0,0,0
0,0,0,0,0,0,0,0,0,0,0
0,0,0,0,0,0,0,0,0,0,0
0,0,0,0,0,0,0,0,0,0,0
0,0,0,0,0,0,0,0,0,0,0
0,0,0,0,0,0,0,0,0,0,0
0,0,0,0,0,0,0,0,0,0,0
0,0,0,0,0,0,0,0,0,0,0
0,0,0,0,0,0,0,0,0,0,0
0,0,0,0,0,0,0,0,0,0,0
0,0,0,0,0,0,0,0,0,0,0
67,82,92,90,86,0,78,79,87,86,88
0,0,0,0,0,0,0,0,0,0,0
0,0,0,0,0,0,0,0,0,0,0
45,0,0,39,0,0,0,0,0,71,0
0,0,0,0,0,0,0,0,0,0,0
0,0,0,0,0,0,0,0,0,0,0
0,0,0,0,0,0,0,0,0,0,0
0,0,0,0,0,0,0,0,0,0,0
0,0,0,0,0,0,0,0,0,0,0
0,0,0,0,0,0,0,0,0,71,0
0,0,0,0,0,0,0,0,0,0,0
0,0,0,0,0,0,0,0,0,0,0
0,0,0,0,0,0,0,0,0,0,0
0,0,0,0,0,0,0,0,0,0,0
0,0,0,0,0,0,0,0,0,0,0
0,0,0,0,0,0,0,0,0,0,0
0,0,0,0,0,0,0,0,0,0,0
0,0,0,0,0,0,0,0,0,0,0
0,0,0,0,0,0,0,0,0,0,0
0,0,0,0,0,0,0,0,0,0,0
0,0,0,0,0,0,0,0,0,0,0
0,0,0,0,0,0,0,0,0,0,0
0,0,0,0,0,0,0,0,0,0,0
0,0,0,0,0,0,0,0,0,0,0
0,0,0,0,0,0,0,0,0,0,0
0,74,92,67,0,83,83,83,92,73,82
0,0,0,0,0,0,0,0,0,0,0
0,0,0,0,0,0,0,0,0,0,0
66,82,66,60,68,0,70,0,0,85,0
0,0,0,0,0,0,0,0,0,0,0
0,0,0,0,0,0,0,0,0,0,0
0,0,0,0,0,0,0,0,0,0,0
0,0,0,0,0,0,0,0,0,0,0
0,0,0,0,0,0,0,0,0,0,0
0,0,0,87,0,0,0,0,0,90,0
0,0,0,0,0,0,0,0,0,0,0
0,0,0,68,0,0,0,0,0,0,0
0,0,0,0,0,0,0,0,0,0,0
78,0,0,0,82,0,0,0,87,64,0
0,0,0,0,0,0,0,0,0,0,0
72,0,0,0,80,0,0,0,0,0,0
0,0,83,0,93,92,0,0,92,0,0
0,0,0,0,0,0,0,0,0,0,0
0,0,0,0,0,0,0,0,0,0,0
0,0,30,0,0,0,0,0,0,0,0
0,0,0,0,0,0,0,0,0,0,0
0,0,0,0,0,0,0,0,0,0,0
0,0,0,0,0,0,0,0,0,0,0
0,0,0,0,0,0,0,0,0,0,0
0,0,0,0,0,0,0,0,0,0,0
0,0,0,0,0,0,0,0,0,0,0
0,0,0,0,0,0,0,0,0,0,0
0,0,0,0,0,0,0,0,0,0,0
0,0,0,0,0,0,0,0,0,0,0
0,0,0,0,0,0,0,0,0,0,0
0,0,0,0,0,0,0,0,0,0,0
0,0,0,0,0,0,0,0,0,0,0
0,0,0,0,0,0,0,0,0,0,0
0,0,0,0,0,0,0,0,0,0,0
0,0,0,0,0,0,0,0,0,0,0
0,0,0,0,0,0,0,0,0,0,0
0,0,0,0,0,0,0,0,0,0,0
0,0,0,0,0,0,0,0,0,0,0
0,0,0,0,0,0,0,0,0,0,0
0,0,0,0,0,0,0,0,0,0,0
0,0,0,0,0,0,0,0,0,0,0
0,0,0,0,0,0,0,0,0,0,0
0,80,0,73,0,0,0,0,0,76,0
0,0,0,0,0,0,0,0,0,0,0
0,0,0,0,0,0,0,0,0,0,0
0,0,0,0,0,0,0,0,0,0,0
0,0,0,0,0,0,0,0,0,0,0
0,0,0,0,0,0,0,0,0,0,0
0,0,0,0,0,0,0,0,0,0,0
0,0,0,0,0,0,0,0,0,0,0
0,0,0,0,0,0,0,0,0,0,0
0,0,0,0,0,0,0,0,0,0,0
0,0,0,0,0,0,0,0,0,0,0
0,0,0,0,0,0,0,0,0,0,0
0,0,0,0,0,0,0,0,0,0,0
0,0,0,0,0,0,0,0,0,0,0
0,0,0,0,0,0,0,0,0,0,0
0,0,0,0,0,0,0,0,0,0,0
0,0,0,0,0,0,0,0,0,0,0
69,0,0,69,76,0,0,0,0,62,0
0,0,0,0,0,0,0,0,0,0,0
0,0,0,0,0,0,0,0,0,0,0
0,0,0,0,0,0,0,0,0,0,0
0,0,0,0,0,0,0,0,0,0,0
89,0,0,0,80,0,0,0,87,78,0
0,0,0,0,0,0,0,0,0,0,0
0,0,0,0,0,0,0,0,0,0,0
0,0,0,0,0,0,0,0,0,0,0
0,87,89,89,85,83,81,82,90,87,0
0,0,0,0,0,0,0,0,0,0,0
0,0,0,0,0,0,0,0,0,0,0
0,0,0,0,0,0,0,0,0,0,0
0,0,0,0,0,0,0,0,0,0,0
0,0,0,0,0,0,0,0,0,0,0
0,0,0,0,0,0,0,0,0,0,0
64,0,0,0,74,0,0,0,87,66,0
0,0,0,0,0,0,0,0,0,0,0
0,0,0,0,0,0,0,0,0,0,0
0,0,0,0,0,0,0,0,0,0,0
0,0,0,0,0,0,0,0,0,0,0
0,0,0,0,0,0,0,0,0,0,0
0,0,0,0,0,0,0,0,0,0,0
0,0,0,0,0,0,0,0,0,0,0
0,0,0,0,0,0,0,0,0,0,0
0,0,0,0,0,0,0,0,0,0,0
60,86,84,60,91,70,73,75,85,76,0
0,0,0,60,68,0,0,0,0,60,0
0,0,0,0,0,0,0,0,0,0,0
0,0,0,0,0,0,0,0,0,0,0
0,0,0,0,0,0,0,0,0,0,0
0,0,0,0,0,0,0,0,0,0,0
0,0,0,0,0,0,0,0,0,0,0
0,0,0,0,0,0,0,0,0,0,0
0,0,0,0,0,0,0,0,0,0,0
0,0,0,0,0,0,0,0,0,0,0
0,81,0,67,0,0,0,0,0,81,0
0,0,0,0,0,0,0,0,0,0,0
0,0,0,0,0,0,0,0,0,0,0
0,0,0,0,0,0,0,0,0,0,0
0,0,0,0,0,0,0,0,0,0,0
0,0,0,0,0,0,0,0,0,0,0
0,0,0,0,0,0,0,0,0,0,0
60,60,30,0,0,30,78,74,73,69,0
0,0,0,0,0,0,0,0,0,0,0
0,0,0,0,0,0,0,0,0,0,0
0,0,0,0,0,0,0,0,0,0,0
0,0,0,0,0,0,0,0,0,0,0
0,0,0,0,0,0,0,0,0,0,0
0,0,0,0,0,0,0,0,0,0,0
0,0,0,0,0,0,0,0,0,0,0
0,0,0,0,0,0,0,0,0,0,0
0,0,0,0,0,0,0,0,0,0,0
0,0,0,0,0,0,0,0,0,0,0
0,0,0,0,0,0,0,0,0,0,0
0,0,0,0,0,0,0,0,0,0,0
0,0,0,0,0,0,0,0,0,0,0
0,0,0,0,0,0,0,0,0,0,0
88,82,98,78,70,0,89,93,87,76,0
0,0,0,0,0,0,0,0,0,0,0
0,0,0,0,0,0,0,0,0,0,0
0,0,0,0,0,0,0,0,0,0,0
0,0,0,0,0,0,0,0,0,0,0
74,76,92,84,87,0,80,0,0,79,0
0,0,0,0,0,0,0,0,0,0,0
0,0,0,0,0,0,0,0,0,0,0
0,0,0,0,0,0,0,0,0,0,0
60,60,63,60,77,70,60,69,84,60,9
74,83,83,65,79,62,66,80,75,73,74
0,0,0,0,0,0,0,0,0,0,0
0,0,0,0,0,0,0,0,0,0,0
0,0,0,0,0,0,0,0,0,0,0
0,0,44,0,0,0,0,44,0,0,0
0,0,0,0,0,0,0,0,0,0,0
0,0,0,0,0,0,0,0,0,0,0
0,0,0,0,0,0,0,0,0,0,0
0,0,0,0,0,0,0,0,0,67,0
0,0,0,0,0,0,0,0,0,0,0
0,0,0,0,0,0,0,0,0,0,0
0,0,0,0,0,0,0,0,0,0,0
62,70,30,81,65,70,67,60,84,64,23
0,0,0,69,0,0,0,0,76,60,0
0,0,0,0,0,0,0,0,0,0,0
0,0,0,0,0,0,0,0,0,0,0
0,0,0,0,0,0,0,0,0,0,0
0,0,0,0,0,0,0,0,0,0,0
0,0,0,0,0,0,0,0,0,0,0
0,0,0,76,0,0,0,0,0,0,0
85,96,98,85,76,76,82,85,83,92,72
0,0,0,0,0,0,0,0,0,0,0
0,0,0,0,0,0,0,0,0,0,0
0,0,0,78,0,0,0,0,0,0,0
0,0,0,0,0,0,0,0,0,0,0
0,0,0,0,0,0,0,0,0,0,0
72,73,30,0,96,0,76,0,73,74,0
0,0,0,0,0,0,0,0,0,0,0
0,0,0,0,0,0,0,0,0,0,0
