人工智能,大学物理II-2,大学英语i,大学英语iii1,大学计算机iii,工程制图,形式语言与编译,操作系统原理i,数字逻辑电路,数学建模ii,数据库系统,数理逻辑,概率统计与随机过程,模拟电子技术基础,电路,离散数学a,程序设计基础,线性代数与解析几何,编译器设计专题实验,计算机图形学,计算机组成,计算机网络原理,软件工程,高等数学I-1,高等数学I-2
84,92,0,90,0,75,83,98,85,99,80,0,91,92,77,72,92,93,83,86,90,82,93,96,94
65,67,0,73,0,67,62,69,66,0,60,73,75,60,60,75,92,71,79,64,88,75,76,75,62
0,88,85,0,76,87,0,0,82,94,0,0,86,0,67,75,86,92,0,0,0,0,0,81,87
95,96,80,0,0,0,70,90,87,93,90,0,96,0,95,92,80,94,84,0,87,90,0,92,96
0,0,68,0,78,84,0,0,0,0,0,0,0,0,0,0,100,93,0,0,0,0,0,86,85
81,89,0,90,0,80,66,86,73,0,69,86,93,77,97,89,91,78,79,0,87,74,74,81,84
83,85,0,82,0,90,68,88,90,93,76,87,73,66,81,84,99,87,87,81,84,68,74,76,86
0,87,0,79,0,87,91,90,92,81,83,0,87,95,88,72,87,76,80,83,85,91,91,82,88
81,60,0,0,0,81,60,71,65,0,68,76,67,72,64,72,87,71,78,0,60,60,80,60,78
89,82,0,72,0,77,76,90,66,0,68,82,82,78,81,80,86,95,86,0,73,81,86,92,90
0,0,0,62,0,0,0,0,48,0,60,66,0,0,73,0,0,0,0,69,60,64,65,0,61
79,0,75,0,82,66,83,84,80,77,85,0,78,0,74,84,97,80,80,0,75,72,0,80,78
0,0,0,0,0,0,0,0,0,0,0,0,0,0,0,63,0,86,0,0,0,0,0,0,0
81,92,81,0,77,84,0,87,81,0,87,0,72,0,77,86,73,73,87,0,84,84,0,75,79
97,97,0,79,0,87,89,94,91,0,84,90,81,86,97,91,99,92,92,95,95,94,81,87,93
0,0,79,0,93,78,0,0,0,0,0,0,0,0,0,0,100,93,0,0,0,0,0,90,78
0,0,0,0,0,88,0,0,90,93,0,0,90,0,90,88,99,92,0,0,0,0,0,80,92
92,95,0,78,0,94,89,87,93,0,89,95,93,97,93,93,90,0,88,97,85,92,86,92,88
71,60,0,83,0,71,61,78,74,0,70,76,74,80,67,79,83,71,85,0,69,66,87,71,69
0,0,81,0,90,67,0,0,0,0,0,0,0,0,0,0,99,100,0,0,0,0,0,90,95
88,93,74,0,0,0,77,86,89,91,78,0,72,0,90,90,82,83,80,90,87,84,0,83,87
74,89,0,0,79,83,87,89,86,82,83,0,86,0,90,92,82,93,82,0,85,81,0,81,85
82,85,83,0,92,88,0,91,87,0,0,0,94,0,78,88,100,94,91,93,78,87,0,92,95
81,86,0,75,0,91,81,89,81,0,84,0,82,61,88,94,84,88,89,0,83,87,83,75,82
79,76,80,0,81,79,82,78,60,78,70,0,77,0,80,78,84,85,84,0,75,84,0,80,81
0,81,85,0,81,88,0,0,72,84,0,0,67,0,80,84,86,65,0,0,0,0,0,66,77
86,90,0,79,0,79,68,83,82,0,85,0,79,90,92,80,69,91,72,90,85,79,75,87,82
94,85,0,85,0,89,81,93,91,98,87,90,86,95,79,88,84,96,71,94,86,84,81,81,88
92,88,0,85,0,88,85,87,90,98,75,97,86,95,82,89,89,0,84,0,85,81,83,89,92
74,76,0,0,0,74,67,71,83,96,76,0,81,80,84,74,91,91,65,84,76,68,62,95,86
88,80,0,76,0,85,88,90,89,88,77,89,80,71,78,77,92,80,91,0,80,88,76,82,89
60,80,0,84,0,80,70,60,65,0,82,0,90,60,87,84,90,71,79,0,60,60,82,68,78
84,72,0,78,0,67,65,83,76,0,66,85,77,87,89,71,77,73,81,0,85,75,70,64,72
87,88,0,76,0,0,87,87,94,97,78,94,80,99,85,83,97,0,85,96,92,87,87,91,87
89,86,0,75,0,80,65,65,84,0,80,80,66,62,78,91,89,85,74,86,77,81,72,79,71
73,87,0,74,0,87,73,75,68,96,79,0,66,79,79,86,93,81,71,0,80,60,68,64,75
0,0,73,0,78,90,0,0,83,95,0,0,97,0,86,88,95,89,0,0,0,0,0,85,82
0,0,77,0,86,74,0,0,78,85,0,0,76,0,91,86,76,85,0,0,0,0,0,70,75
89,0,0,78,0,84,80,95,87,98,82,93,80,87,86,86,94,85,73,96,88,86,80,90,79
67,79,0,79,0,99,73,80,84,96,80,90,66,88,80,89,91,81,76,83,75,74,73,87,64
91,90,0,69,0,82,77,89,88,80,83,92,81,74,81,86,92,84,88,90,84,84,80,81,85
0,93,68,0,83,88,78,81,85,0,86,0,93,0,89,92,82,82,70,0,80,81,0,80,84
0,0,0,0,77,67,0,0,0,0,0,0,0,0,0,0,93,92,0,0,0,0,0,87,88
0,100,0,73,0,88,79,60,80,93,84,93,92,92,94,60,60,0,79,0,60,60,84,0,0
26,70,0,80,0,87,74,71,82,0,65,0,60,94,60,69,90,75,90,0,60,84,60,62,74
0,67,0,0,70,0,0,0,64,87,0,0,26,0,44,69,0,93,0,0,0,0,0,0,0
0,0,80,0,80,96,0,0,0,0,0,0,0,0,0,0,94,98,0,0,0,0,0,83,91
0,96,83,0,83,85,0,0,84,95,0,0,90,0,96,97,84,95,0,0,0,0,0,83,85
0,86,72,0,0,0,0,0,0,92,0,0,90,0,85,87,90,79,0,0,0,0,0,81,84
0,90,80,0,88,78,83,86,82,93,87,0,87,0,90,87,94,81,86,0,87,94,0,81,70
0,0,81,0,74,92,0,0,0,0,0,0,0,0,0,0,83,99,0,0,0,0,0,90,90
74,68,0,71,0,82,60,66,62,0,74,0,66,70,61,90,93,69,79,0,80,60,77,75,80
0,89,0,0,96,94,0,0,83,88,0,0,85,0,94,94,100,89,0,0,0,0,0,74,79
68,0,0,82,0,65,84,77,62,73,71,77,63,61,74,80,75,0,66,76,82,65,63,0,0
81,92,0,80,0,0,82,88,79,85,89,92,92,89,92,82,95,90,90,0,90,89,86,0,0
0,91,0,0,82,81,0,0,88,94,0,0,91,0,89,97,89,95,0,0,0,0,0,76,80
0,92,0,0,94,77,0,0,80,94,0,0,78,0,90,87,97,89,0,0,0,0,0,77,70
93,91,0,78,0,82,67,86,74,97,78,0,98,79,90,78,89,96,88,0,87,69,87,90,90
89,92,80,0,79,84,82,92,83,85,84,0,88,0,88,87,73,75,87,0,82,86,0,69,71
0,87,0,0,72,0,0,0,80,88,0,0,88,0,79,85,98,94,0,0,0,0,0,81,94
77,83,0,81,0,73,74,74,87,91,82,0,71,94,67,70,81,79,66,83,83,79,77,77,77
0,91,74,0,66,71,68,86,74,92,87,0,91,0,93,92,83,83,83,86,87,86,0,88,73
78,68,0,78,0,64,61,67,66,0,74,78,67,62,71,72,89,84,79,0,75,68,76,88,68
62,83,82,0,85,80,47,55,71,76,62,0,61,0,90,78,68,88,79,72,42,63,0,80,78
85,91,0,88,0,81,81,92,86,94,78,87,81,93,90,83,99,95,78,92,81,83,78,92,95
81,80,0,74,0,62,79,85,85,0,85,0,68,67,77,68,82,80,76,90,89,81,78,70,75
65,87,0,73,0,0,69,82,77,0,67,82,90,81,85,88,0,94,78,0,64,71,73,0,0
0,96,83,0,0,0,0,0,90,94,0,0,93,0,87,94,94,93,0,0,0,0,0,88,94
0,89,78,0,83,84,0,0,88,90,0,0,86,0,91,89,100,96,0,0,0,0,0,70,80
0,0,87,0,88,96,0,0,0,0,0,0,0,0,0,0,100,97,0,0,0,0,0,98,94
90,89,0,81,0,73,84,87,82,0,85,87,84,60,88,88,88,89,77,94,85,96,83,75,84
80,86,0,0,98,93,86,91,74,0,91,0,91,0,92,88,100,89,98,0,70,89,0,86,87
0,0,71,0,75,71,0,0,0,0,0,0,0,0,0,0,76,93,0,0,0,0,0,84,85
0,94,80,0,0,0,0,0,92,90,0,0,94,0,96,92,97,95,0,0,0,0,0,79,88
0,90,87,0,81,90,0,0,83,91,0,0,72,0,67,85,87,79,0,0,0,0,0,74,78
0,0,0,0,89,87,0,0,0,0,0,0,0,0,0,0,96,90,0,0,0,0,0,83,84
0,0,0,0,0,0,0,0,0,0,0,0,0,0,0,0,0,95,0,0,0,0,0,88,91
95,93,84,0,89,82,76,90,85,99,84,0,95,0,92,95,96,89,90,93,82,91,0,83,85
0,78,86,0,89,75,0,0,86,93,0,0,80,0,88,95,90,89,0,0,0,0,0,81,75
0,80,0,74,0,83,68,90,69,0,72,0,75,93,65,73,83,64,81,82,81,82,68,60,78
72,83,0,72,0,81,84,86,83,0,81,90,92,89,91,93,99,98,94,90,87,80,81,97,92
83,85,78,0,0,0,87,86,83,83,80,0,64,0,89,75,99,81,84,0,84,84,0,73,81
0,67,0,81,0,67,65,90,61,65,69,0,63,75,67,60,77,76,79,82,60,77,79,69,84
0,0,0,0,76,94,0,0,0,0,0,0,0,0,0,0,73,96,0,0,0,0,0,89,88
67,69,0,80,0,72,60,68,77,0,61,71,63,79,73,63,75,60,75,0,68,60,70,63,74
39,0,0,0,0,0,39,61,60,66,60,69,45,63,60,76,0,70,0,61,60,60,34,0,0
80,77,0,83,0,66,72,83,81,0,73,0,72,74,70,74,92,84,81,82,86,83,77,80,78
0,74,0,77,0,63,60,79,79,70,65,82,61,72,60,60,75,61,86,75,60,64,66,60,84
0,69,0,72,0,61,63,72,66,0,75,77,70,60,88,70,91,77,79,70,75,80,71,66,70
90,73,0,76,0,62,74,80,75,0,73,87,77,73,80,67,78,82,82,94,71,85,67,77,77
0,76,80,0,60,78,0,0,67,0,0,0,73,0,69,74,94,86,0,0,0,0,0,85,78
85,78,0,82,0,90,85,89,86,0,81,98,85,91,100,88,95,91,80,0,84,85,87,90,85
65,68,0,77,0,60,61,80,67,0,77,78,83,86,60,68,83,64,97,77,78,66,76,61,70
0,93,0,0,72,84,0,0,84,92,0,0,94,0,95,88,96,94,0,0,0,0,0,77,88
89,80,0,77,0,60,76,83,78,0,75,88,90,90,89,79,83,92,78,0,94,83,85,87,87
78,92,0,84,0,0,83,82,72,0,77,0,92,94,87,90,0,96,85,0,71,71,70,0,0
0,0,70,0,85,76,0,0,0,0,0,0,0,0,0,0,100,84,0,0,0,0,0,85,81
84,92,75,0,75,60,69,89,76,92,78,0,87,0,89,86,75,80,77,0,77,82,0,83,68
75,0,0,74,0,89,77,66,67,97,64,91,79,74,80,81,89,88,75,86,82,80,74,90,67
0,90,0,82,0,0,81,94,90,97,92,98,78,88,89,91,100,87,96,98,91,92,79,80,85
0,63,0,74,0,90,75,86,81,0,75,73,79,63,60,67,89,70,79,75,66,68,71,60,68
66,0,0,0,0,0,74,0,60,80,67,61,0,0,60,0,0,0,70,0,70,61,78,0,86
0,98,0,0,0,0,0,0,85,97,0,0,97,0,90,97,100,97,0,0,0,0,0,89,93
92,96,73,0,0,0,73,91,72,89,83,0,98,0,87,91,100,94,77,0,85,84,0,84,91
0,0,85,0,83,92,0,0,0,0,0,0,0,0,0,0,92,99,0,0,0,0,0,96,97
81,0,85,0,77,80,83,78,70,0,82,0,73,0,80,83,79,74,82,0,89,70,0,69,76
0,83,0,73,0,0,77,79,91,96,85,88,74,88,82,82,95,81,74,79,80,85,75,0,0
0,97,78,0,80,78,0,0,86,91,0,0,88,0,97,95,100,96,0,0,0,0,0,91,82
0,75,75,0,70,83,0,0,82,88,0,0,72,0,63,78,82,86,0,0,0,0,0,86,78
76,61,0,63,0,88,74,78,78,0,84,0,60,63,71,80,98,77,89,85,83,72,80,71,62
0,0,78,0,69,86,0,0,0,0,0,0,0,0,0,0,90,87,0,0,0,0,0,80,76
80,74,0,79,0,76,65,61,86,0,67,82,80,81,68,75,87,78,83,76,73,72,80,65,72
96,0,0,76,0,80,85,92,91,99,94,95,90,97,92,96,94,98,85,0,95,96,84,95,96
78,93,86,0,92,93,69,92,78,93,82,0,88,0,90,84,85,87,81,84,88,88,0,85,87
70,84,0,75,0,80,60,60,68,0,72,0,71,75,85,84,94,89,80,70,69,62,78,86,81
0,0,0,0,68,70,0,0,0,0,0,0,0,0,0,0,79,88,0,0,0,0,0,87,78
89,81,0,0,0,68,76,82,61,87,76,0,71,66,80,92,89,90,80,74,72,60,78,92,93
0,0,79,0,68,73,0,0,0,0,0,0,0,0,0,0,86,84,0,0,0,0,0,71,68
94,90,0,85,0,86,85,93,85,90,76,94,87,86,86,83,90,88,84,100,92,92,86,84,87
80,83,0,0,87,83,77,75,66,94,72,0,72,0,83,76,87,74,72,88,75,81,0,76,60
0,68,88,0,89,69,73,64,74,0,67,0,63,0,62,70,89,84,73,0,60,64,0,0,0
96,93,87,0,83,95,92,89,85,0,90,0,85,0,86,90,97,82,89,0,93,97,0,78,97
95,84,77,0,78,89,89,83,87,88,82,0,70,0,71,90,84,65,81,0,91,80,0,66,79
94,0,84,0,89,75,71,79,68,94,77,0,76,0,78,69,94,74,88,0,72,83,0,81,77
0,89,0,79,0,77,70,81,71,0,80,88,81,65,79,66,88,80,85,81,83,84,75,89,78
0,80,0,0,0,0,67,67,0,0,76,0,84,0,60,72,0,82,82,0,70,60,0,0,0
0,0,74,0,0,0,0,0,0,0,0,0,0,0,0,0,0,99,0,0,0,0,0,89,85
80,91,70,0,62,72,61,65,62,79,60,0,90,0,62,30,70,93,80,0,62,86,0,82,69
0,94,0,0,0,0,0,0,88,94,0,0,94,0,90,94,0,87,0,0,0,0,0,75,90
0,86,75,0,71,87,0,0,67,92,0,0,83,0,82,82,71,93,0,0,0,0,0,80,91
0,0,0,0,77,91,0,0,0,0,0,0,0,0,0,0,93,71,0,0,0,0,0,62,84
71,60,0,0,0,82,63,72,62,0,65,72,63,60,53,73,93,62,88,83,73,67,70,67,68
0,86,76,0,88,84,0,0,75,0,0,0,75,0,79,87,76,84,0,0,0,0,0,80,71
61,75,0,0,91,73,57,61,60,85,68,0,55,0,78,64,86,80,70,80,53,65,0,82,68
84,77,78,0,83,97,78,83,85,88,77,0,78,0,91,83,97,86,80,83,69,81,0,80,81
0,91,79,0,89,95,0,0,93,96,0,0,98,0,88,96,100,95,0,0,0,0,0,93,86
92,94,80,0,74,78,88,96,85,85,86,0,90,0,94,89,86,76,85,0,93,93,0,84,82
94,84,78,0,70,71,75,92,91,90,77,0,87,0,87,82,75,83,84,0,86,92,0,88,89
94,83,0,67,0,83,71,85,90,0,84,95,77,91,76,89,94,0,87,91,87,84,77,82,73
83,76,80,0,80,90,81,81,74,90,75,0,70,0,81,84,88,69,82,0,60,86,0,75,73
78,69,0,0,0,83,60,83,80,0,79,0,78,71,80,80,98,60,87,0,82,68,79,67,70
0,87,81,0,73,77,0,0,78,95,0,0,85,0,70,77,81,85,0,0,0,0,0,73,74
84,90,0,83,0,89,71,87,85,90,80,0,86,85,96,84,100,92,93,94,89,91,84,0,0
76,80,0,70,0,84,81,83,70,0,67,0,74,86,93,77,88,65,90,85,83,76,76,61,85
0,0,0,0,0,0,0,60,61,72,60,61,0,0,66,0,0,0,0,61,0,60,60,0,0
89,87,0,80,0,0,83,90,82,0,90,98,95,83,96,88,0,95,86,0,93,75,85,0,0
93,93,0,87,0,94,81,95,82,85,86,99,92,93,95,82,0,83,84,90,99,92,90,0,0
70,83,79,0,82,79,65,84,69,0,70,0,78,0,80,77,99,75,82,81,88,68,0,74,82
0,87,77,0,83,75,0,0,82,89,0,0,84,0,87,86,93,98,0,0,0,0,0,80,84
0,0,0,0,97,0,0,0,0,0,0,0,0,0,0,0,82,60,0,0,0,0,0,0,0
0,0,0,0,0,0,0,0,0,0,75,0,0,0,89,0,0,0,0,0,0,0,0,0,0
0,88,87,0,89,70,0,0,70,91,0,0,81,0,63,91,91,84,0,0,0,0,0,78,67
89,78,0,80,0,90,74,88,87,0,60,96,94,89,91,64,81,76,88,91,85,75,60,63,60
0,77,0,84,0,75,61,80,62,0,76,0,71,85,65,69,84,76,73,73,62,76,79,65,78
0,99,72,0,85,98,77,91,91,0,87,0,88,0,94,95,97,97,80,93,90,88,0,91,94
0,78,0,0,80,74,0,0,70,93,0,0,95,0,69,83,99,85,0,0,0,0,0,90,79
0,85,79,0,85,93,86,91,83,84,86,0,90,0,97,86,90,91,84,0,75,86,0,75,87
88,77,81,0,85,81,0,78,79,84,81,0,90,0,77,93,100,92,96,89,68,73,0,87,90
89,96,83,0,88,93,87,94,88,95,88,0,86,0,88,83,82,83,84,0,89,96,0,89,94
0,79,0,81,0,81,78,84,79,95,79,87,71,90,94,90,92,83,76,69,81,75,71,87,83
0,88,86,0,0,0,0,0,86,90,0,0,87,0,92,94,0,70,0,0,0,0,0,67,76
70,90,0,73,0,75,65,68,66,81,70,0,72,78,70,76,86,69,86,63,60,60,65,70,61
0,86,0,68,0,95,85,92,87,96,90,88,84,93,85,85,100,79,72,92,95,90,77,79,79
62,83,0,70,0,63,81,60,66,0,68,70,77,65,81,86,91,87,86,65,66,62,70,94,93
0,0,0,0,83,82,0,0,0,0,0,0,0,0,0,0,79,95,0,0,0,0,0,92,85
83,89,80,0,0,0,83,90,80,91,83,0,80,0,95,89,94,93,90,90,83,91,0,90,90
0,0,72,0,78,91,0,0,0,0,0,0,0,0,0,0,91,94,0,0,0,0,0,92,91
0,91,0,0,98,88,79,97,87,90,92,0,83,0,96,85,99,90,90,92,91,90,0,86,87
0,0,0,0,0,0,0,0,0,0,0,0,0,0,0,78,0,77,0,0,0,0,0,0,0
86,83,0,89,0,95,87,90,83,0,88,0,94,87,99,84,0,95,89,60,90,60,82,0,0
84,60,0,71,0,66,61,82,70,0,69,86,70,69,73,69,87,84,84,87,83,65,68,64,68
81,91,0,72,0,72,61,83,76,93,80,89,86,86,65,76,94,94,83,0,78,80,83,86,87
0,86,87,0,83,87,73,0,67,72,67,0,77,0,87,82,98,84,85,0,0,0,0,64,79
88,95,0,87,0,75,79,95,65,0,91,95,88,95,93,99,91,99,80,0,80,84,86,93,95
72,61,0,79,0,77,63,63,61,80,65,71,65,85,63,69,92,81,74,79,65,60,65,80,74
0,93,80,0,84,86,0,0,72,94,0,0,100,0,97,92,79,94,0,0,0,0,0,75,78
0,89,80,0,89,91,0,0,85,88,0,0,97,0,91,85,94,97,0,0,0,0,0,85,90
0,96,78,0,84,91,81,84,85,85,84,0,88,0,88,92,62,90,71,83,93,75,0,72,77
71,65,0,78,0,80,73,60,60,0,60,0,71,89,62,63,92,75,85,0,66,70,60,65,70
81,80,0,75,0,70,71,76,84,92,73,76,78,70,77,83,99,91,65,79,70,77,66,76,89
73,68,0,79,0,85,73,69,66,92,72,79,79,61,61,66,84,81,67,77,77,72,70,73,67
96,98,0,82,0,87,90,90,94,0,85,94,95,83,99,95,97,96,96,0,97,96,84,92,93
89,94,0,77,0,90,86,91,86,87,80,0,67,97,97,91,89,93,97,89,92,91,88,90,95
94,0,0,79,0,66,84,93,94,100,95,99,89,96,98,94,98,0,90,0,94,96,90,85,94
0,0,0,0,87,91,0,0,0,0,0,0,0,0,0,0,92,96,0,0,0,0,0,91,85
74,88,0,75,0,72,75,77,80,96,79,0,81,87,93,84,97,80,76,83,73,71,75,0,0
93,90,0,67,0,78,84,90,82,0,84,92,73,78,80,84,87,77,83,0,87,82,84,86,82
0,72,0,60,0,75,64,68,66,0,62,0,60,81,64,68,73,60,84,67,77,60,71,63,78
0,63,0,0,0,0,69,73,71,75,80,0,71,0,68,83,0,84,82,83,60,70,0,0,0
0,75,0,0,0,88,0,0,66,88,0,0,64,0,0,75,0,93,0,0,0,0,0,0,0
0,0,77,0,85,86,0,0,0,0,0,0,0,0,0,0,95,76,0,0,0,0,0,85,84
0,0,0,0,0,0,0,0,0,0,0,60,0,0,19,0,0,0,0,0,0,0,0,0,0
0,91,79,0,95,92,79,92,95,95,85,0,96,0,98,89,97,90,91,0,89,87,0,91,85
0,0,80,0,78,93,0,0,0,0,0,0,0,0,0,0,93,89,0,0,0,0,0,89,84
81,90,0,0,0,86,80,83,83,88,81,0,88,0,83,85,100,85,83,93,74,85,76,86,85
0,0,89,0,89,88,0,0,85,0,0,0,96,0,99,95,97,100,0,0,0,0,0,91,94
88,84,0,0,0,82,75,82,70,0,78,86,90,90,86,76,89,94,80,71,75,87,84,94,97
0,87,0,81,0,74,65,83,72,90,70,0,77,81,83,84,88,90,80,76,65,67,77,94,88
92,96,0,76,0,0,82,91,91,0,86,92,88,92,97,93,98,0,80,0,95,94,90,81,92
0,91,79,0,0,0,75,92,86,81,86,0,81,0,91,78,90,87,84,82,89,94,80,82,95
76,66,0,0,0,76,64,82,80,0,71,71,78,86,68,64,83,65,80,0,75,67,82,62,74
0,0,0,0,90,97,0,0,78,89,0,0,72,0,77,86,83,91,0,0,0,0,0,77,80
0,0,87,0,91,81,76,87,88,0,85,0,87,0,93,93,96,92,94,83,81,87,0,92,79
0,71,0,0,84,85,0,0,79,93,0,0,61,0,63,73,91,89,0,0,0,0,0,78,75
86,77,0,74,0,71,63,83,74,0,60,80,84,81,87,76,0,0,85,71,79,64,69,0,0
0,0,74,0,75,90,0,0,0,0,0,0,0,0,0,0,94,94,0,0,0,0,0,90,91
91,88,0,76,0,91,92,96,80,0,82,88,86,98,91,74,84,86,80,0,91,84,91,80,88
0,87,79,0,87,90,0,0,83,86,0,0,87,0,73,86,79,95,0,0,0,0,0,86,89
71,70,76,0,75,87,0,67,68,79,60,0,61,0,63,69,92,74,83,0,69,54,0,72,68
0,70,0,0,0,0,0,0,60,0,0,0,0,61,60,0,0,0,0,0,0,51,0,0,0
75,0,85,0,75,80,79,89,71,95,76,0,74,0,91,82,75,74,83,83,80,89,0,71,75
0,0,79,0,82,87,0,0,0,0,0,0,0,0,0,0,89,87,0,0,0,0,0,91,91
86,96,79,0,73,88,88,83,86,87,91,0,84,0,97,88,95,83,88,86,68,82,0,82,86
0,91,0,0,0,0,68,0,0,0,0,0,67,0,71,73,0,87,0,0,0,0,0,0,0
76,73,0,70,0,63,60,80,67,0,81,0,63,80,60,73,90,87,78,0,67,67,71,71,63
98,89,0,0,0,80,82,82,85,98,77,0,67,94,72,76,77,85,85,88,86,92,69,81,79
83,91,0,0,0,92,64,81,82,0,80,0,76,83,80,82,84,89,76,85,80,80,84,85,81
0,0,80,0,84,80,0,0,0,0,0,0,0,0,0,0,77,86,0,0,0,0,0,90,76
0,83,84,0,92,93,60,62,66,76,65,0,65,0,81,73,64,83,80,0,28,49,0,82,78
82,88,0,82,0,73,72,78,85,0,81,81,77,93,80,81,89,74,82,0,68,60,85,67,80
0,0,77,0,78,79,0,0,0,0,0,0,0,0,0,0,89,100,0,0,0,0,0,91,96
96,95,0,83,0,0,70,81,78,99,91,0,88,86,75,88,88,0,74,99,77,87,80,0,0
60,85,0,81,0,92,71,87,78,0,87,97,90,96,98,81,88,72,79,0,60,60,78,87,87
95,93,78,0,83,97,83,94,81,88,87,0,87,0,95,92,90,80,70,88,86,93,0,77,80
89,88,79,0,90,85,92,90,81,88,87,0,84,0,90,82,86,70,93,96,70,86,0,62,85
0,0,76,0,90,87,0,0,0,0,0,0,0,0,0,0,92,85,0,0,0,0,0,81,78
0,42,0,0,0,0,0,0,0,0,0,0,35,0,11,62,0,64,0,0,1,32,0,70,65
91,0,0,0,85,88,96,84,83,86,88,0,83,0,96,94,80,93,88,0,83,82,0,93,91
84,87,0,0,0,75,81,88,92,100,80,94,75,81,84,91,80,92,81,85,69,85,73,85,87
94,93,0,80,0,80,91,89,85,100,83,85,87,93,83,95,92,96,70,0,82,81,92,85,97
96,83,0,0,0,78,73,91,82,91,84,0,80,77,73,88,94,67,96,94,88,85,85,73,73
0,73,81,0,86,84,0,0,52,80,0,0,38,0,74,60,75,91,0,0,0,0,0,76,79
0,0,83,0,79,84,0,0,0,0,0,0,0,0,0,0,100,92,0,0,0,0,0,88,93
78,79,0,85,0,80,60,94,64,82,73,87,75,82,92,71,91,85,79,0,75,80,72,90,81
76,81,0,73,0,73,66,64,68,71,61,73,87,69,78,72,83,94,82,0,63,66,67,91,88
85,89,0,86,0,96,81,85,85,0,82,90,94,93,95,87,95,94,79,0,87,84,85,91,85
78,84,0,82,0,88,75,86,87,87,76,76,93,89,87,75,88,75,88,0,80,82,80,76,82
0,86,0,77,0,94,85,86,79,84,78,0,78,88,84,85,98,0,71,87,82,85,80,84,89
91,77,78,0,83,65,80,91,86,86,75,0,68,0,82,69,83,82,74,0,85,93,0,84,72
0,0,83,0,76,87,0,0,0,0,0,0,0,0,0,0,93,94,0,0,0,0,0,93,88
0,90,73,0,81,84,81,84,89,90,87,0,84,0,90,94,77,90,88,97,85,90,0,70,72
92,92,84,0,0,0,70,85,81,0,82,0,74,0,90,86,95,93,86,86,75,89,0,83,91
76,87,84,0,77,79,60,67,75,93,71,0,69,0,86,92,93,80,79,80,84,69,0,81,79
90,0,87,0,0,0,79,97,94,92,85,0,90,0,92,98,100,96,74,0,86,95,0,96,96
78,87,0,75,0,89,74,76,78,100,80,92,80,87,87,87,76,90,81,93,80,78,77,88,81
89,92,0,80,0,90,77,88,81,0,85,98,93,94,90,92,96,95,97,95,90,83,81,91,88
89,0,0,0,86,72,72,80,86,0,77,0,90,0,92,95,83,80,78,85,85,91,0,85,60
88,0,0,87,0,87,83,87,89,0,76,90,84,92,91,90,99,93,76,90,86,77,73,89,86
0,94,78,0,0,0,0,0,82,92,0,0,98,0,86,93,97,90,0,0,0,0,0,79,93
82,88,75,0,84,79,78,87,87,74,80,0,82,0,97,85,100,87,85,0,69,76,0,78,88
78,84,0,74,0,83,71,83,72,0,75,0,82,86,88,82,83,93,80,0,92,87,82,89,90
0,0,80,0,74,77,0,0,0,0,0,0,0,0,0,0,96,75,0,0,0,0,0,77,65
0,77,0,0,85,86,0,0,89,91,0,0,78,0,63,64,77,83,0,0,0,0,0,74,67
90,86,79,0,90,81,77,86,83,83,86,0,87,0,94,90,85,85,87,92,74,78,0,81,87
0,0,0,0,0,0,0,0,0,0,81,0,0,0,0,0,0,0,0,0,0,0,0,0,0
85,79,0,70,0,88,71,88,85,0,64,89,83,89,91,88,91,80,85,0,81,72,73,78,76
98,87,0,91,0,79,84,92,90,0,82,98,97,92,98,76,91,98,90,0,97,88,84,91,91
20,24,0,71,0,23,0,20,20,60,30,20,21,26,20,28,61,31,79,20,34,20,39,73,84
0,88,84,0,88,94,62,83,71,0,73,0,60,0,82,87,87,73,88,91,86,72,0,81,82
79,81,76,0,73,81,0,92,86,90,84,0,74,0,78,90,66,90,76,87,64,84,0,83,73
96,81,0,82,0,65,68,72,81,97,83,83,70,90,76,80,71,90,87,89,85,78,86,84,86
74,70,0,0,0,74,69,77,75,0,72,96,94,85,94,78,82,87,91,0,80,67,74,79,74
66,70,0,0,0,0,79,73,76,85,81,0,66,66,78,83,0,70,70,78,81,81,65,41,0
84,96,0,90,0,67,80,86,84,0,83,86,77,78,85,85,90,85,91,92,80,83,80,90,90
73,51,0,71,0,66,61,82,55,71,77,0,51,63,52,60,81,63,77,78,82,69,74,63,60
0,84,80,0,88,92,0,0,68,85,0,0,61,0,70,81,91,81,0,0,0,0,0,74,82
81,72,0,72,0,63,60,72,87,69,60,0,66,75,62,60,77,64,79,0,64,60,69,61,61
0,0,78,0,0,0,0,0,94,93,0,0,0,0,0,0,0,0,0,0,0,0,0,0,0
70,72,0,66,0,62,72,78,74,0,74,83,76,79,64,83,89,78,85,0,66,75,82,85,83
86,0,0,77,0,81,65,76,69,0,73,0,71,85,80,79,87,77,90,96,74,75,80,73,77
89,86,0,79,0,87,81,77,90,0,80,92,84,69,87,90,91,0,76,0,91,84,71,85,80
0,87,77,0,77,82,82,85,89,90,83,0,84,0,87,94,100,94,80,87,83,83,0,79,81
94,90,0,79,0,88,75,85,94,97,85,93,90,79,94,95,91,87,80,100,81,81,88,95,94
0,90,76,0,0,0,0,0,77,92,0,0,87,0,73,77,95,76,0,0,0,0,0,84,76
89,91,0,79,0,94,87,79,84,97,90,93,87,96,96,92,92,0,76,99,83,84,87,91,95
0,87,0,0,0,73,77,98,72,86,75,84,79,94,72,79,91,94,82,91,86,93,85,86,85
81,91,0,0,76,80,78,91,76,90,80,0,78,0,95,82,80,86,78,0,88,81,0,87,85
94,91,0,76,0,85,66,88,76,100,83,94,86,96,89,94,68,89,67,89,86,96,76,87,81
0,62,0,64,0,60,0,0,23,68,0,70,70,60,79,73,48,78,0,0,0,0,0,0,85
88,0,75,0,73,92,89,90,80,73,84,0,84,0,91,88,94,78,82,94,88,90,0,80,92
90,93,0,84,0,76,83,99,91,98,87,87,88,80,92,87,93,94,87,95,91,94,83,93,94
0,85,0,0,92,71,0,0,81,92,0,0,93,0,69,88,78,91,0,0,0,0,0,79,68
0,97,0,0,81,80,0,0,85,94,0,0,90,0,84,86,85,93,0,0,0,0,0,82,81
0,63,0,77,0,72,75,77,75,0,65,68,77,74,63,69,82,79,80,63,66,68,66,80,80
0,0,78,0,89,88,0,0,0,0,0,0,0,0,0,0,100,97,0,0,0,0,0,91,91
72,82,0,72,0,81,69,85,71,0,70,79,68,74,79,80,89,78,80,83,84,70,72,82,79
0,0,0,0,73,90,87,92,89,93,90,0,86,0,81,90,89,83,76,91,71,92,0,84,83
0,85,74,0,89,96,0,0,81,90,0,0,77,0,76,92,94,79,0,0,0,0,0,62,68
80,78,0,74,0,70,74,76,79,0,81,87,60,91,60,71,72,75,91,73,62,63,73,70,62
0,0,0,0,89,69,0,0,0,0,0,0,0,0,0,0,0,98,0,0,0,0,0,90,74
0,0,83,0,88,90,0,0,0,0,0,0,0,0,0,0,98,98,0,0,0,0,0,89,89
79,74,0,74,0,76,60,75,62,0,68,0,90,81,88,62,70,68,77,0,61,76,79,66,82
72,82,82,0,83,89,77,69,84,0,70,0,79,0,66,76,71,70,92,54,64,70,0,75,77
0,0,85,0,72,82,0,0,0,0,0,0,0,0,0,0,73,87,0,0,0,0,0,84,84
0,90,75,0,0,0,84,86,79,80,87,0,86,0,95,80,98,89,88,0,89,78,0,88,91
0,0,80,0,91,85,0,0,0,0,0,0,0,0,0,0,95,94,0,0,0,0,0,75,87
81,80,0,78,0,72,77,92,88,0,84,0,91,73,92,75,97,78,80,0,92,82,81,73,68
61,85,0,73,0,69,71,69,70,0,67,0,63,69,64,61,82,68,78,0,75,60,71,62,62
0,0,0,0,77,82,0,0,0,0,0,0,0,0,0,0,84,64,0,0,0,0,0,84,66
0,80,0,75,0,94,79,81,76,0,76,78,82,75,77,88,96,83,93,75,73,75,81,77,92
0,89,0,78,79,96,71,85,67,0,77,0,82,0,97,85,77,89,78,75,73,67,0,79,92
0,0,79,0,68,88,0,0,0,0,0,0,0,0,0,0,81,80,0,0,0,0,0,76,78
0,0,83,0,92,79,0,0,0,0,0,0,0,0,0,0,98,95,0,0,0,0,0,93,92
90,97,0,81,0,0,79,95,86,95,91,89,94,88,98,96,77,97,87,0,91,95,87,0,0
83,74,0,87,0,83,75,87,84,0,74,81,81,88,84,81,87,81,90,85,92,80,80,82,78
76,60,0,0,0,60,60,76,70,0,75,87,77,64,76,68,88,60,95,0,81,77,82,67,60
0,0,90,0,84,63,0,0,0,0,0,0,0,0,0,0,62,68,0,0,0,0,0,60,60
84,87,0,71,0,63,83,87,87,0,84,0,87,95,99,94,83,96,89,93,92,86,81,95,95
90,0,73,0,80,90,81,89,88,91,89,0,77,0,86,81,70,81,83,96,94,84,0,75,81
0,85,0,0,0,0,0,0,72,88,0,0,84,0,70,85,97,93,0,0,0,0,0,83,85
74,93,84,0,0,0,84,79,87,80,88,0,76,0,85,96,0,94,82,0,75,79,0,86,90
84,74,0,80,0,62,85,86,78,81,64,85,73,87,78,91,84,86,71,79,67,78,78,89,76
68,80,0,83,0,76,60,75,70,0,65,68,90,64,76,86,99,99,89,71,74,64,64,92,83
53,69,0,0,64,68,60,72,75,65,63,0,60,0,62,70,62,73,80,78,60,72,0,60,68
0,0,0,0,76,89,0,0,90,95,0,0,99,0,94,95,96,97,0,0,0,0,0,92,85
87,80,0,78,0,83,84,80,69,0,87,91,92,93,85,86,75,75,79,92,92,83,93,81,84
86,88,0,0,0,0,85,90,85,90,83,0,79,0,95,91,100,79,90,91,90,95,0,83,95
89,89,76,0,93,95,83,88,87,0,95,0,87,0,93,86,98,70,87,92,93,78,0,82,85
75,73,81,0,79,75,66,80,73,76,75,0,71,0,76,78,76,77,85,0,81,72,0,82,79
0,0,73,0,86,67,81,85,79,82,78,0,60,0,78,78,97,85,79,85,80,79,0,80,73
60,0,0,82,0,94,74,68,78,94,61,93,89,82,85,80,93,90,84,67,73,60,60,75,81
80,0,0,71,0,71,82,74,83,0,75,93,83,94,80,83,88,83,77,94,78,75,75,87,70
72,75,0,71,0,60,68,74,72,0,67,0,74,60,61,62,84,79,79,71,60,67,70,79,70
0,68,83,0,68,83,35,0,79,0,62,0,72,0,54,70,74,86,75,0,0,0,0,78,69
78,91,0,74,0,86,93,84,74,100,77,84,75,83,85,87,77,86,70,0,77,73,78,90,77
82,78,75,0,86,86,56,80,81,91,74,0,69,0,88,82,68,77,80,83,79,86,0,66,82
0,0,82,0,81,98,0,0,0,0,0,0,0,0,0,0,69,84,0,0,0,0,0,92,80
0,0,76,0,82,80,0,0,0,0,0,0,0,0,0,0,98,98,0,0,0,0,0,90,96
0,0,85,0,87,81,0,0,0,0,0,0,0,0,0,0,97,98,0,0,0,0,0,97,93
0,0,89,0,68,77,0,0,0,0,0,0,0,0,0,0,90,95,0,0,0,0,0,90,85
84,74,0,71,0,85,61,85,64,0,73,0,70,70,86,80,92,83,90,81,87,80,80,75,67
0,65,0,0,0,0,71,88,73,78,60,75,0,90,86,83,0,82,85,72,66,82,61,0,0
98,97,0,0,86,82,90,97,80,96,93,0,95,0,93,96,92,87,92,95,89,98,0,77,88
84,81,0,77,0,90,60,65,64,97,70,83,70,79,74,78,73,0,74,95,72,64,60,92,80
0,87,84,0,0,75,81,93,88,77,89,0,88,0,73,89,95,94,98,94,90,94,0,90,84
0,0,76,0,0,0,74,83,62,0,74,0,68,0,81,75,0,84,91,91,82,72,0,96,89
0,0,78,0,82,94,0,0,0,0,0,0,0,0,0,0,85,94,0,0,0,0,0,87,80
88,93,0,0,0,92,87,97,93,0,88,95,94,96,0,94,0,98,83,0,96,88,84,90,92
0,0,76,0,86,82,0,83,81,0,87,0,85,0,89,87,90,89,87,91,68,77,0,85,85
0,0,87,0,0,0,0,0,0,0,0,0,0,0,0,0,0,94,0,0,0,0,0,88,94
0,96,81,0,74,80,0,0,71,95,0,0,81,0,82,87,70,84,0,0,0,0,0,78,74
0,96,0,0,0,0,88,93,78,0,84,0,88,89,94,95,94,95,79,100,98,94,88,90,90
56,86,0,0,89,77,54,74,67,81,0,0,77,0,85,70,78,88,80,82,62,69,0,86,71
73,63,0,76,0,71,67,61,71,0,71,76,71,62,76,64,83,61,79,0,66,61,67,71,63
76,81,0,79,0,60,66,83,84,97,79,89,68,76,69,71,97,86,80,90,71,66,71,86,77
75,84,0,71,0,73,77,87,83,90,82,86,91,67,80,85,96,85,94,0,85,70,82,79,89
94,0,80,0,82,97,84,89,86,90,86,0,84,0,92,96,100,99,88,0,85,88,0,91,97
67,74,0,70,0,75,60,74,69,0,62,72,60,83,76,72,87,43,79,0,72,64,60,60,60
85,0,77,0,88,75,93,95,85,87,90,0,94,0,91,90,90,90,94,96,74,88,0,91,83
86,90,77,0,81,84,83,89,90,0,83,0,79,0,93,88,91,90,84,0,88,88,0,70,89
77,0,81,0,91,92,78,85,89,94,82,0,69,0,81,92,87,87,97,86,70,78,0,74,77
0,94,81,0,87,76,0,0,92,96,0,0,94,0,95,92,97,86,0,0,0,0,0,72,80
76,69,0,75,0,62,62,82,71,74,75,84,64,87,64,75,85,84,80,65,60,60,84,69,84
81,92,0,83,0,0,68,72,81,98,78,0,80,72,94,90,94,91,72,94,60,78,81,0,0
0,96,91,0,84,0,0,0,60,0,0,0,77,0,0,0,88,83,0,0,0,0,0,73,86
87,92,0,0,72,74,92,90,80,0,85,0,68,0,91,93,87,88,92,92,88,93,0,83,91
0,0,76,0,84,80,0,0,75,96,0,0,85,0,87,94,85,92,0,0,0,0,0,79,83
84,0,0,0,0,95,84,86,83,100,81,91,87,87,89,90,87,93,73,82,82,81,76,97,98
96,99,83,0,85,88,92,92,93,92,90,0,94,0,93,91,84,89,84,0,92,96,0,81,86
87,95,79,0,0,0,84,93,91,94,88,0,93,0,92,94,98,89,82,95,93,82,0,86,85
0,0,80,0,0,96,0,0,90,95,0,0,94,0,93,94,0,0,0,0,0,0,0,0,0
77,87,0,70,0,0,72,82,87,0,82,93,75,87,84,90,94,91,85,92,84,77,77,0,0
0,0,0,0,0,0,0,87,0,96,73,0,70,0,0,0,0,0,0,77,83,90,0,0,0
78,0,74,0,88,86,78,88,74,88,85,0,71,0,74,89,73,75,76,70,75,92,0,85,78
0,84,0,0,87,94,0,0,80,93,0,0,64,0,68,80,97,83,0,0,0,0,0,74,68
0,0,73,0,79,94,0,0,0,0,0,0,0,0,0,0,90,97,0,0,0,0,0,87,94
0,0,0,0,72,90,0,0,0,0,0,0,0,0,0,0,64,62,0,0,0,0,0,70,67
0,0,79,0,76,96,0,0,0,0,0,0,0,0,0,0,80,82,0,0,0,0,0,85,78
0,0,74,0,0,97,0,81,89,0,0,0,88,0,82,99,100,82,0,0,0,87,0,76,79
92,69,0,72,0,85,76,78,82,0,74,95,73,83,80,72,89,76,83,83,78,90,71,74,78
0,0,75,0,68,99,0,0,0,0,0,0,0,0,0,0,75,99,0,0,0,0,0,96,91
0,81,75,0,90,71,71,61,60,84,63,0,63,0,67,77,86,89,73,0,47,61,0,91,80
90,93,0,76,0,85,89,81,89,0,81,89,78,76,88,78,93,99,89,95,96,86,83,81,90
86,90,0,0,0,91,67,90,84,0,76,0,78,89,75,81,88,85,82,0,68,82,88,76,88
95,88,0,81,0,0,89,88,91,99,86,0,84,97,82,82,100,0,76,92,90,94,90,0,0
75,81,0,80,0,60,82,89,80,0,81,91,91,93,95,82,0,0,90,94,93,86,83,0,0
0,0,0,0,90,90,0,0,0,0,0,0,0,0,0,0,100,83,0,0,0,0,0,80,89
84,80,0,0,74,89,85,75,67,89,86,0,83,0,67,89,87,71,86,86,71,73,0,84,88
0,0,76,0,79,71,0,0,0,0,0,0,0,0,0,0,100,84,0,0,0,0,0,85,86
96,80,0,79,0,0,77,82,85,0,89,95,93,86,78,85,0,96,82,90,87,73,72,0,0
74,62,0,76,0,75,60,74,60,0,60,0,71,74,60,83,86,70,84,0,86,61,64,81,73
82,91,81,0,78,75,72,84,78,0,77,0,73,0,95,92,90,84,88,82,77,75,0,85,87
0,97,90,0,81,71,0,0,60,0,0,0,70,0,0,0,97,75,0,0,0,0,0,80,86
0,0,74,0,92,87,0,0,0,0,0,0,0,0,0,0,98,91,0,0,0,0,0,85,88
0,69,0,0,0,0,0,0,0,0,0,0,63,0,55,74,0,64,0,0,0,0,0,0,0
0,89,82,0,75,77,0,0,88,98,0,0,89,0,88,92,94,88,0,0,0,0,0,82,77
90,97,0,0,94,96,93,90,83,83,88,0,87,0,94,93,100,85,84,0,76,86,0,83,86
0,86,0,80,0,90,87,97,74,80,83,0,90,97,82,86,97,93,83,85,91,87,87,83,94
0,95,89,0,93,87,0,0,90,95,0,0,96,0,97,96,90,96,0,0,0,0,0,86,91
82,63,0,70,0,61,60,75,73,0,71,0,68,82,83,60,83,77,91,84,70,66,75,66,63
0,96,0,0,96,99,73,87,86,92,89,0,99,0,97,95,100,88,75,0,88,84,0,91,96
85,81,0,78,0,70,66,87,74,0,76,80,67,69,65,76,90,85,90,0,73,84,71,79,80
0,0,84,0,78,80,0,0,0,0,0,0,0,0,0,0,85,91,0,0,0,0,0,93,90
0,0,82,0,0,0,0,0,94,93,0,0,99,0,99,98,100,98,0,0,0,0,0,88,91
87,89,0,72,0,0,74,81,84,0,82,92,86,88,94,87,82,92,92,91,86,81,71,86,91
90,87,0,85,0,92,73,80,87,96,78,0,76,86,88,77,100,92,78,93,70,81,78,78,74
0,60,0,0,62,0,0,0,50,82,0,0,48,0,33,54,0,64,0,0,0,0,0,0,0
78,80,74,0,77,93,66,81,65,0,76,0,65,0,89,76,94,63,80,79,79,77,0,86,82
93,89,0,0,72,92,92,93,77,86,90,0,93,0,92,87,78,90,96,0,92,92,0,88,71
0,95,78,0,93,82,0,0,84,94,0,0,80,0,86,90,100,91,0,0,0,0,0,72,62
95,94,80,0,89,82,89,96,89,85,88,0,94,0,97,94,87,92,88,94,90,74,0,89,84
85,85,0,81,0,70,62,76,69,0,78,72,78,89,78,69,84,81,81,0,75,75,68,61,73
92,96,0,83,0,96,83,89,92,99,84,97,91,100,99,88,88,96,87,96,87,84,91,92,93
68,69,0,75,0,75,69,81,71,88,81,80,78,79,77,85,94,93,79,83,83,77,76,84,83
0,87,0,72,0,64,92,90,90,98,77,98,88,97,82,93,90,0,70,87,80,88,75,81,77
0,93,0,0,92,90,0,0,88,95,0,0,91,0,96,92,93,92,0,0,0,0,0,95,92
74,82,0,67,0,84,67,84,74,0,76,86,81,83,88,75,95,81,83,94,85,73,79,78,81
0,95,0,0,95,92,0,0,81,97,0,0,96,0,96,95,92,89,0,0,0,0,0,85,89
0,0,0,0,74,82,0,0,0,0,0,0,0,0,0,0,74,84,0,0,0,0,0,94,90
0,74,0,0,0,0,67,82,0,0,90,0,0,0,70,81,0,88,86,0,78,86,0,0,0
0,98,0,0,94,96,0,0,82,0,0,0,100,0,96,97,100,96,0,0,0,0,0,95,95
0,0,0,0,96,88,0,0,0,0,0,0,0,0,0,0,100,84,0,0,0,0,0,93,82
0,96,0,0,80,90,94,96,80,89,92,0,93,0,96,95,83,92,83,0,87,94,0,80,89
0,0,0,0,80,92,0,0,0,0,0,0,0,0,0,0,0,94,0,0,0,0,0,91,90
0,70,0,77,0,64,68,85,69,74,65,0,71,69,71,64,70,78,85,70,61,81,66,66,74
72,84,0,0,0,90,87,81,81,0,73,91,86,74,75,85,95,95,70,76,79,73,84,86,91
91,78,0,0,0,71,75,92,84,90,81,0,83,61,81,87,90,86,94,96,91,87,84,78,90
96,94,0,83,0,91,78,86,63,0,84,81,83,92,93,78,0,90,79,83,76,85,96,0,0
78,66,0,78,0,67,67,80,67,0,76,0,63,68,61,61,86,66,90,79,80,82,78,70,71
71,90,81,0,85,93,73,93,92,0,79,0,90,0,97,89,93,91,90,0,89,92,0,91,90
0,0,0,0,0,0,45,0,81,0,39,0,0,0,66,0,0,0,0,0,0,71,0,0,0
66,75,0,69,0,68,61,83,79,0,69,0,68,70,71,80,81,85,70,72,81,68,68,61,65
0,91,0,0,60,80,0,0,79,0,0,0,92,0,90,79,82,97,0,0,0,0,0,73,89
0,97,0,88,0,93,84,0,88,0,0,0,88,93,85,87,96,95,98,0,0,0,0,89,87
0,85,0,0,72,85,0,0,92,90,0,0,84,0,90,91,90,85,0,0,0,0,0,78,90
0,0,78,0,85,90,0,0,0,0,0,0,0,0,0,0,89,95,0,0,0,0,0,95,94
84,81,0,0,0,75,83,87,81,86,82,0,86,91,78,81,84,93,79,80,72,80,87,94,97
82,0,82,0,81,81,60,80,84,85,60,0,90,0,91,81,88,85,60,87,60,77,0,73,86
0,49,0,0,0,0,0,0,70,84,0,0,54,0,56,64,0,61,0,0,0,0,0,0,0
0,0,84,0,82,95,0,0,0,0,0,0,0,0,0,0,93,88,0,0,0,0,0,89,86
80,74,0,70,0,84,63,71,60,90,71,0,68,86,60,90,92,88,80,0,67,60,63,76,72
86,0,68,0,82,82,95,89,89,90,87,0,90,0,89,90,78,83,91,0,84,87,0,80,82
0,87,0,78,0,84,80,80,84,91,70,0,72,95,78,82,97,91,80,73,82,78,73,73,71
96,89,0,79,0,86,92,90,92,0,84,99,92,88,99,84,93,97,78,93,91,86,89,90,90
90,93,0,75,0,89,82,88,89,98,70,95,66,90,83,88,71,0,90,93,88,86,88,75,81
0,89,0,0,76,78,0,0,88,96,0,0,99,0,90,94,100,96,0,0,0,0,0,85,90
0,0,85,0,79,90,0,0,0,0,0,0,0,0,0,0,80,88,0,0,0,0,0,80,88
0,93,76,0,80,88,67,74,73,81,78,0,77,0,80,93,88,82,80,78,68,73,0,92,87
92,94,0,0,0,78,82,85,91,100,60,95,76,83,86,92,77,93,87,92,80,84,68,80,82
0,81,74,0,79,90,0,89,75,0,79,0,75,0,69,80,74,78,82,0,79,71,0,75,76
80,78,0,70,0,76,73,81,86,0,78,81,81,78,74,81,86,75,79,83,87,71,76,67,75
83,86,78,0,0,0,72,72,71,90,71,0,70,0,88,81,0,63,80,0,75,64,0,73,81
82,75,0,0,0,77,60,72,61,0,74,77,61,70,60,63,83,60,81,82,75,78,71,62,65
61,86,82,0,92,89,0,79,73,78,79,0,62,0,78,79,87,85,82,0,65,80,0,72,74
0,99,90,0,0,0,0,0,87,92,0,0,98,0,85,93,100,97,0,0,0,0,0,94,90
0,0,75,0,0,0,0,0,0,0,0,0,0,0,0,0,0,96,0,0,0,0,0,87,86
89,95,0,81,0,80,73,90,83,0,90,95,92,88,98,81,91,98,79,0,86,92,76,93,91
91,82,0,71,0,87,85,90,90,99,86,91,85,98,84,79,81,78,76,91,81,88,90,81,82
0,0,86,0,83,83,0,0,0,0,0,0,0,0,0,0,87,99,0,0,0,0,0,93,95
0,70,0,72,0,79,74,70,74,0,75,79,67,60,62,80,86,86,80,67,74,60,69,91,79
0,0,0,0,0,0,0,0,79,0,0,0,0,0,71,0,0,0,0,0,0,71,0,0,0
0,0,82,0,80,69,0,0,0,0,0,0,0,0,0,0,99,92,0,0,0,0,0,92,89
61,69,0,77,0,80,60,78,69,0,60,0,80,76,61,65,85,78,80,0,64,63,60,68,64
0,67,0,72,0,80,64,88,87,92,81,0,62,61,71,61,89,64,80,73,84,70,81,0,0
0,92,83,0,81,86,0,0,87,90,0,0,90,0,76,88,80,87,0,0,0,0,0,72,72
83,80,81,0,78,70,78,88,69,91,82,0,71,0,81,72,94,90,71,67,80,79,0,84,85
85,86,0,81,0,82,81,84,80,0,72,85,74,77,97,74,88,89,90,0,87,88,83,74,86
89,83,70,0,79,79,75,82,88,90,85,0,74,0,83,84,88,75,71,88,65,79,0,70,75
0,70,79,0,66,74,33,8,49,81,46,0,61,0,56,61,87,75,0,0,4,8,0,79,87
88,93,0,83,0,92,87,85,85,88,81,85,93,95,80,91,88,92,96,78,91,90,89,84,85
94,88,0,74,0,81,92,96,90,96,78,93,90,98,87,92,85,94,86,89,84,79,86,98,91
0,0,73,0,76,79,0,0,0,0,0,0,0,0,0,0,95,96,0,0,0,0,0,88,78
88,81,0,0,82,89,62,88,72,90,78,0,73,0,71,81,62,83,80,0,84,80,0,76,66
72,81,71,0,80,77,64,60,68,70,63,0,60,0,83,84,65,83,71,84,76,67,0,82,69
66,74,69,0,75,81,70,77,75,76,66,0,75,0,82,80,61,78,82,0,68,68,0,85,77
85,85,0,82,0,78,70,92,83,0,79,91,90,84,91,92,0,90,90,0,90,80,78,0,0
84,81,0,77,0,67,69,73,76,0,76,90,92,86,75,78,87,75,82,88,80,68,80,72,82
87,87,0,75,0,77,72,85,86,0,81,88,80,63,71,80,91,85,94,91,87,87,85,83,84
60,81,0,0,0,85,77,89,81,0,83,88,86,86,87,76,90,84,95,60,60,78,75,67,78
73,82,78,0,76,86,60,90,61,93,80,0,72,0,84,90,81,73,80,0,67,76,0,78,84
0,91,86,0,87,83,84,85,83,0,85,0,71,0,86,92,96,91,85,77,95,87,0,74,75
83,92,80,0,0,0,73,80,81,92,83,0,82,0,91,92,87,90,83,87,90,86,0,85,94
70,76,0,68,0,85,60,73,65,0,65,65,64,73,70,83,79,65,79,0,63,74,74,61,74
0,0,78,0,84,89,0,0,0,0,0,0,0,0,0,0,72,87,0,0,0,0,0,75,81
0,0,81,0,91,74,0,0,0,0,0,0,0,0,0,0,93,89,0,0,0,0,0,90,89
0,89,78,0,90,81,0,0,87,93,0,0,96,0,78,83,89,96,0,0,0,0,0,75,91
81,85,84,0,86,79,83,94,84,93,82,0,78,0,89,72,86,87,83,0,86,84,0,74,82
0,83,0,79,0,62,70,0,74,0,0,91,92,84,92,77,86,97,92,0,0,0,0,92,80
0,83,0,0,84,68,0,0,72,94,0,0,75,0,75,86,91,87,0,0,0,0,0,81,73
0,89,74,0,72,85,65,92,78,93,75,0,87,0,91,83,73,71,70,0,78,75,0,78,84
0,91,78,0,84,80,0,0,69,91,0,0,71,0,77,81,77,93,0,0,0,0,0,89,79
81,0,75,0,80,81,89,86,87,82,86,0,82,0,74,80,69,75,89,87,80,82,0,81,71
62,0,67,0,85,88,64,60,69,86,71,0,60,0,90,66,89,73,70,84,62,73,0,85,77
0,0,0,0,88,81,0,0,84,95,0,0,95,0,89,95,84,99,0,0,0,0,0,87,90
97,86,0,79,0,92,80,92,94,98,86,94,86,98,90,91,89,90,89,0,92,93,85,89,89
84,86,0,80,0,79,82,86,87,98,76,89,85,93,85,85,77,0,84,92,69,89,80,79,79
51,74,0,0,0,78,47,60,47,90,60,0,45,49,60,63,66,0,0,0,55,60,60,67,49
90,89,85,0,84,91,79,88,85,88,85,0,79,0,75,92,60,84,83,0,83,92,0,74,78
90,76,0,0,0,94,81,88,86,0,78,79,66,87,77,72,87,82,96,93,85,67,77,80,77
96,91,83,0,92,88,85,96,94,0,88,0,92,0,88,97,70,96,89,0,94,98,0,90,88
88,78,0,0,0,0,73,85,87,98,81,0,87,93,86,85,99,80,71,94,86,87,81,0,0
0,0,76,0,0,0,0,0,0,0,0,0,0,0,0,0,0,97,0,0,0,0,0,98,96
0,92,0,0,0,0,0,0,0,93,0,0,86,0,97,94,97,95,0,0,0,0,0,96,92
93,96,75,0,85,91,0,88,67,88,88,0,83,0,92,91,79,94,82,0,82,83,0,89,87
95,94,0,81,0,88,82,94,85,91,79,0,93,97,87,86,96,96,79,78,94,90,92,97,92
0,91,0,83,0,96,74,87,80,0,88,82,76,83,88,84,81,90,78,85,75,80,78,84,87
63,63,0,0,0,0,46,54,61,66,70,0,52,0,49,60,0,61,82,0,42,49,0,72,50
87,82,69,0,78,70,75,86,84,92,83,0,82,0,83,80,93,76,74,0,87,82,0,79,80
65,75,0,81,0,80,60,85,69,0,70,71,62,77,61,63,74,63,76,75,66,61,77,61,69
84,89,0,0,88,87,84,92,82,94,87,0,84,0,91,87,96,90,86,0,89,85,0,89,89
0,82,79,0,0,0,0,0,78,91,0,0,82,0,76,83,0,93,0,0,0,0,0,83,86
60,69,67,59,0,61,72,63,63,93,70,85,63,68,63,67,61,60,67,79,60,60,60,80,85
61,73,0,82,0,61,61,73,85,67,63,0,61,60,60,63,75,69,80,65,60,60,68,60,71
84,85,0,75,0,76,66,86,80,73,73,0,81,81,70,86,79,93,91,75,69,88,81,88,90
86,82,0,79,0,90,82,90,87,0,86,88,80,67,80,86,85,85,85,0,83,90,82,86,75
0,0,78,0,90,96,0,0,0,0,0,0,0,0,0,0,99,94,0,0,0,0,0,84,88
0,0,80,0,90,80,0,0,0,0,0,0,0,0,0,0,100,95,0,0,0,0,0,94,84
0,69,0,82,0,67,68,85,86,0,72,80,65,60,72,72,80,64,78,89,69,73,79,71,62
96,73,0,74,0,82,67,87,78,0,78,90,86,87,92,80,89,88,78,0,85,80,91,90,71
0,87,78,0,81,90,86,90,86,71,79,0,79,0,94,81,80,80,75,0,88,87,0,69,89
91,0,0,0,0,87,77,94,83,0,78,92,81,97,81,71,86,86,80,90,84,89,87,83,90
75,73,0,77,0,70,67,76,71,0,71,81,81,72,76,72,83,81,87,87,85,69,76,67,69
0,94,0,76,0,77,79,87,83,0,79,0,81,71,91,75,96,100,89,76,60,86,77,86,97
69,74,0,76,0,66,62,67,63,90,77,72,76,84,61,82,87,88,80,88,77,67,72,87,90
84,80,84,0,81,78,75,81,65,92,80,0,66,0,71,78,85,80,82,0,75,85,0,76,64
0,0,76,0,80,90,0,0,0,0,0,0,0,0,0,0,70,72,0,0,0,0,0,76,61
0,87,0,85,0,67,65,88,60,81,70,75,80,88,90,73,66,87,88,80,73,69,74,90,90
97,97,0,0,0,92,91,87,82,0,77,92,91,96,82,96,93,94,71,92,87,83,93,94,94
0,80,79,0,88,86,87,73,69,0,77,0,73,0,84,85,95,80,77,0,69,77,0,80,70
80,77,0,86,0,72,71,85,83,0,74,86,83,81,87,72,92,85,85,0,85,71,81,80,72
92,95,79,0,86,94,93,90,87,88,90,0,95,0,93,97,93,95,84,0,89,91,0,84,98
90,84,0,0,85,89,70,90,69,86,81,0,72,0,69,79,85,90,74,91,90,93,0,84,82
0,0,0,0,88,84,0,0,0,0,0,0,0,0,0,0,100,96,0,0,0,0,0,88,88
0,84,83,0,74,75,0,0,92,87,0,0,85,0,73,88,95,94,0,0,0,0,0,77,79
0,0,82,0,82,84,0,0,0,0,0,0,0,0,0,0,91,93,0,0,0,0,0,96,88
96,81,0,77,0,84,78,94,88,0,85,98,91,96,95,94,83,90,92,0,90,94,94,87,83
67,0,71,0,85,93,84,67,82,80,83,0,74,0,90,91,96,89,94,90,62,66,0,86,81
88,85,81,0,82,80,83,86,93,92,88,0,81,0,92,84,81,84,88,81,83,82,0,83,84
0,0,0,0,0,0,0,0,0,0,0,0,0,0,0,0,0,100,0,0,0,0,0,97,96
0,89,81,0,83,77,0,0,86,93,0,0,82,0,86,90,92,81,0,0,0,0,0,72,66
78,86,0,79,0,91,65,78,80,0,76,91,90,79,93,77,80,84,77,90,79,77,85,80,77
0,76,69,0,77,94,64,79,61,84,60,0,78,0,68,63,92,71,86,0,72,60,0,80,64
0,90,0,0,94,93,0,0,89,0,0,0,93,0,89,92,97,99,0,0,0,0,0,91,90
0,0,80,0,77,85,0,0,0,0,0,0,0,0,0,0,88,76,0,0,0,0,0,83,67
60,89,0,72,0,80,82,86,88,0,60,87,71,78,88,86,80,72,83,0,60,78,83,66,76
92,95,0,87,0,94,80,87,86,0,81,85,98,93,99,83,92,97,83,99,92,88,92,96,91
0,90,77,0,85,68,79,87,74,89,83,0,74,0,85,85,83,76,83,77,80,87,0,72,69
81,74,0,68,0,66,74,83,78,0,78,78,76,65,83,92,86,87,85,82,69,77,78,78,90
74,60,0,80,0,70,60,71,60,0,62,81,75,60,62,78,88,60,77,92,63,69,72,71,60
0,89,0,80,0,68,79,94,80,100,77,89,89,98,97,88,84,92,82,81,76,87,86,95,91
0,0,75,0,64,60,0,0,0,0,0,0,0,0,0,0,72,85,0,0,0,0,0,78,53
0,75,0,73,0,94,83,89,85,97,79,93,72,84,82,82,89,90,82,92,77,85,81,80,84
91,88,81,0,72,88,72,78,65,89,78,0,75,0,92,74,94,83,76,79,68,69,0,90,91
0,71,0,0,84,80,0,0,74,0,0,0,84,0,71,82,90,90,0,0,0,0,0,69,74
0,82,0,76,0,83,74,78,69,0,72,0,71,67,75,78,93,82,83,81,62,68,85,91,93
79,85,0,87,0,92,78,80,66,84,73,0,92,64,65,63,95,89,84,93,88,78,76,89,84
0,73,81,0,90,84,0,0,54,77,0,0,42,0,62,66,86,78,0,0,0,0,0,75,66
0,0,0,0,84,87,0,0,0,0,0,0,0,0,0,0,97,88,0,0,0,0,0,86,78
70,74,0,76,0,72,60,77,68,0,60,78,73,60,79,72,83,71,76,0,60,69,77,67,78
49,88,0,0,87,82,72,66,61,82,60,0,88,0,60,92,99,70,6,0,60,61,0,83,76
0,87,0,0,0,0,68,0,0,0,0,0,71,0,95,79,0,81,0,0,0,0,0,0,0
86,65,88,0,73,93,78,85,61,89,76,0,60,0,76,72,80,75,70,0,66,79,0,74,62
84,0,86,0,75,88,81,88,87,87,86,0,87,0,83,90,77,90,89,97,85,86,0,87,90
0,0,72,0,65,62,0,0,0,0,0,0,0,0,0,0,57,62,0,0,0,0,0,77,65
93,85,0,85,0,78,89,91,86,0,88,84,91,86,88,82,91,83,90,90,95,90,87,78,71
92,92,0,80,0,0,90,97,95,97,83,94,88,98,95,92,98,88,83,90,88,86,86,0,0
81,0,0,0,0,0,0,74,0,0,67,0,0,0,61,0,0,0,0,63,83,73,71,0,0
60,84,76,0,87,75,68,71,77,84,60,0,79,0,95,86,89,86,75,60,70,72,0,82,93
87,86,0,63,0,84,83,91,93,0,89,0,90,76,97,94,95,95,87,86,99,92,83,89,97
0,90,80,0,86,84,0,0,79,0,0,0,93,0,86,90,89,88,0,0,0,0,0,89,90
85,88,0,73,0,85,81,90,73,0,90,90,85,94,94,94,92,84,83,0,87,88,87,68,87
0,70,0,69,0,81,60,60,67,0,61,61,61,77,78,61,69,73,80,61,60,60,65,67,67
96,92,0,80,0,0,72,91,90,99,84,83,73,96,89,84,86,0,87,97,82,84,92,0,0
0,92,83,0,86,92,0,0,76,92,0,0,82,0,75,91,92,93,0,0,0,0,0,86,75
0,0,89,0,92,96,0,0,92,94,0,0,96,0,97,95,92,99,0,0,0,0,0,95,96
0,0,83,0,0,0,0,0,0,0,0,0,0,0,0,0,0,96,0,0,0,0,0,97,93
88,86,0,0,0,78,83,93,89,0,90,0,84,67,91,90,95,87,86,93,89,87,73,84,74
92,94,86,0,93,95,66,75,81,0,73,0,86,0,89,92,99,82,74,85,80,75,0,85,86
0,85,73,0,0,0,0,0,73,0,0,0,79,0,80,75,100,93,0,0,0,0,0,81,78
77,84,0,82,0,74,84,83,77,87,75,91,82,84,80,83,0,67,87,85,80,82,84,0,0
81,76,0,77,0,85,70,79,80,0,78,84,80,81,77,72,92,69,85,91,90,80,75,72,69
90,89,75,0,79,78,64,94,75,0,82,0,82,0,88,81,83,82,77,85,80,92,0,88,80
0,0,0,0,80,84,0,0,0,0,0,0,0,0,0,0,100,97,0,0,0,0,0,87,76
98,90,0,70,0,90,90,85,93,0,85,88,85,89,90,98,94,94,88,97,90,94,79,81,88
75,63,79,0,85,90,86,71,62,0,75,0,70,0,70,81,78,68,82,71,47,60,0,74,78
78,79,84,0,93,89,89,85,92,0,84,0,82,0,90,83,90,93,83,93,81,85,0,73,76
0,0,0,0,0,0,66,82,63,69,60,66,0,64,60,0,0,0,68,64,70,85,62,0,74
95,92,0,81,0,82,79,89,78,0,88,88,89,96,86,83,92,85,80,80,89,77,77,83,86
0,0,81,0,87,90,0,0,0,0,0,0,0,0,0,0,97,94,0,0,0,0,0,86,80
0,88,82,0,80,83,0,0,78,89,0,0,73,0,79,78,64,91,0,0,0,0,0,78,70
0,90,74,0,74,69,69,77,61,88,70,0,60,0,86,71,62,84,83,0,83,61,0,74,82
0,0,76,0,78,88,0,0,0,0,0,0,0,0,0,0,99,92,0,0,0,0,0,77,91
93,96,87,0,91,93,97,91,94,95,87,0,92,0,87,96,92,94,89,97,84,95,0,89,86
0,0,74,0,89,96,0,0,0,0,0,0,0,0,0,0,93,95,0,0,0,0,0,86,79
0,81,0,0,88,96,0,0,92,90,0,0,83,0,75,91,97,92,0,0,0,0,0,81,86
35,65,0,0,0,49,21,43,62,65,66,0,61,70,60,0,0,38,82,62,60,60,62,25,15
0,95,80,0,78,88,0,0,75,88,0,0,86,0,83,90,88,94,0,0,0,0,0,79,86
0,0,74,0,71,97,0,0,0,0,0,0,0,0,0,0,81,84,0,0,0,0,0,88,82
80,80,0,80,0,68,76,77,66,88,70,85,84,86,70,85,92,89,85,74,60,70,73,87,87
61,88,0,84,0,81,70,69,63,0,76,87,96,69,80,78,98,96,85,0,71,67,73,94,86
0,82,76,0,80,80,0,0,69,90,0,0,71,0,63,81,94,76,0,0,0,0,0,71,62
0,92,75,0,81,77,0,0,71,0,0,0,72,0,87,83,95,86,0,0,0,0,0,85,88
79,81,0,76,0,0,80,89,84,0,85,87,87,86,80,74,0,91,80,0,85,85,87,0,0
0,0,0,0,0,0,0,0,0,0,0,0,0,0,0,0,0,99,0,0,0,0,0,89,94
93,95,87,0,92,95,0,94,91,95,88,0,92,0,97,91,85,81,83,94,83,85,0,91,85
0,96,0,0,83,82,0,0,87,97,0,0,92,0,96,93,88,99,0,0,0,0,0,92,92
0,0,0,0,0,0,0,0,83,0,87,0,0,0,86,0,0,0,0,0,0,90,0,0,0
0,0,0,0,79,67,0,0,0,0,0,0,0,0,0,0,88,85,0,0,0,0,0,90,75
77,66,74,0,82,63,63,69,61,84,62,0,60,0,72,72,79,81,73,0,70,61,0,73,85
93,0,82,0,0,0,94,89,91,84,92,0,96,0,96,86,96,98,94,98,91,94,0,93,90
0,83,79,0,78,60,60,73,68,0,68,0,61,0,73,71,71,76,67,71,71,60,53,87,72
0,0,0,0,0,0,0,0,76,92,68,0,0,72,67,0,0,0,0,0,0,0,60,0,0
0,82,0,82,0,71,78,84,70,96,77,87,83,80,88,84,87,97,85,80,77,81,76,94,95
0,60,77,0,78,85,73,78,71,80,80,0,60,0,71,76,85,86,80,0,69,80,0,86,71
0,68,0,0,82,77,0,0,0,84,0,0,41,0,46,60,97,82,0,0,0,0,0,45,31
97,0,0,0,0,88,87,90,98,100,87,98,91,96,85,92,78,0,92,99,79,84,90,92,92
97,84,0,81,0,75,64,91,86,96,76,89,69,88,84,80,95,0,86,85,73,80,75,90,69
0,94,74,0,73,75,0,0,76,90,0,0,93,0,85,83,95,89,0,0,0,0,0,71,74
87,0,71,0,82,83,77,96,81,88,88,0,81,0,93,90,71,84,84,0,66,83,0,77,87
85,76,0,77,0,86,74,83,69,0,71,85,75,74,75,74,91,79,73,0,85,85,72,73,70
96,92,0,0,83,88,90,89,85,93,86,0,88,0,87,87,90,89,80,96,79,91,0,81,83
92,82,82,0,83,91,91,89,91,94,90,0,82,0,88,86,80,74,81,96,85,84,0,76,66
88,90,84,0,77,76,79,78,82,78,79,0,84,0,82,69,79,84,82,0,84,70,0,81,81
92,93,73,0,0,0,83,80,79,98,78,0,79,0,89,86,97,89,84,87,81,82,0,94,93
60,96,88,0,71,77,60,76,0,74,66,0,78,0,89,0,84,61,81,26,40,73,0,67,60
0,0,83,0,85,93,0,0,0,0,0,0,0,0,0,0,100,84,0,0,0,0,0,67,74
76,0,0,0,77,0,78,0,0,0,0,0,0,0,0,0,0,0,82,0,0,64,0,0,0
0,76,0,0,81,90,0,0,63,91,0,0,75,0,79,82,87,81,0,0,0,0,0,72,77
88,92,83,0,89,72,0,76,88,0,89,0,93,0,87,87,99,89,87,93,80,76,0,79,87
15,81,0,75,0,85,60,0,76,70,65,72,32,60,64,56,90,66,74,60,0,60,69,67,61
0,85,72,0,0,0,0,0,85,95,0,0,98,0,95,95,99,91,0,0,0,0,0,82,85
75,80,0,0,91,64,79,83,82,91,76,0,67,0,81,73,80,69,89,0,71,76,0,82,70
77,76,0,79,0,70,85,73,80,0,77,0,81,86,60,72,90,85,83,93,86,70,74,76,75
35,60,89,0,62,63,50,47,61,0,61,0,15,0,40,64,60,70,69,0,42,28,0,60,31
0,0,0,0,60,78,0,0,0,0,0,0,0,0,0,0,0,77,0,0,0,0,0,69,60
0,0,0,78,0,71,72,0,68,0,0,82,0,0,0,82,90,78,80,0,0,0,0,83,91
0,98,0,0,92,86,0,0,91,90,0,0,83,0,86,94,91,85,0,0,0,0,0,83,88
79,76,74,0,93,90,90,79,88,83,86,0,78,0,81,87,91,74,77,87,71,73,0,75,72
0,0,0,70,0,78,62,69,79,0,70,0,60,83,77,78,96,85,74,84,60,73,74,86,86
83,80,0,0,0,87,63,85,80,0,77,0,90,72,93,71,0,85,85,0,86,75,80,0,0
76,92,0,82,0,83,72,87,82,0,70,87,98,95,98,80,98,85,90,0,79,74,77,88,81
0,89,83,0,0,0,0,0,89,92,0,0,93,0,88,96,94,84,0,0,0,0,0,86,87
67,89,0,85,0,88,75,74,87,99,77,90,75,91,81,89,95,0,80,92,84,65,63,82,88
74,87,0,80,0,91,85,91,87,91,68,0,79,94,86,86,97,0,90,0,84,83,67,91,86
89,82,0,0,0,73,81,92,75,0,77,82,87,85,94,76,83,62,91,90,89,91,81,72,70
0,90,78,0,80,94,0,0,76,91,0,0,75,0,84,74,84,87,0,0,0,0,0,80,71
78,75,0,79,0,76,68,87,72,83,82,0,77,71,67,78,90,92,70,79,60,90,80,84,74
0,90,0,0,0,0,0,0,90,95,0,0,95,0,82,90,96,98,0,0,0,0,0,88,95
90,0,79,0,69,73,76,83,76,0,84,0,66,0,81,89,89,76,88,0,77,81,0,75,73
76,68,85,0,93,96,60,90,69,0,65,0,60,0,85,76,95,72,72,0,77,76,0,88,87
95,92,0,79,0,0,86,87,88,0,91,94,90,94,96,94,0,92,89,0,83,81,86,0,0
95,97,0,78,0,97,89,89,86,86,86,0,85,95,93,76,83,77,80,86,97,89,88,74,90
0,0,0,0,0,0,0,0,89,0,0,0,0,0,0,0,0,0,93,0,0,0,0,0,0
81,81,69,0,80,77,67,70,73,89,78,0,77,0,78,89,71,88,87,77,79,67,0,78,82
78,94,88,0,89,95,93,90,85,0,85,0,89,0,89,92,99,92,88,96,79,80,0,73,87
86,83,0,69,0,80,78,75,90,97,74,85,83,87,75,81,71,87,75,84,70,76,67,83,85
0,72,0,70,0,93,77,83,78,0,78,88,91,92,91,81,76,70,86,81,88,68,78,77,71
82,86,0,80,0,67,70,87,68,0,75,0,75,70,85,70,90,83,87,86,83,77,79,82,70
0,93,0,77,0,94,84,84,89,86,74,90,88,93,90,90,95,91,83,88,96,82,73,70,82
75,91,0,74,0,98,71,78,75,0,77,90,85,94,92,85,87,96,80,77,77,74,76,98,92
85,96,0,88,0,87,80,88,94,0,84,96,93,87,92,76,84,90,87,96,92,91,86,79,86
0,0,0,0,0,0,0,0,0,0,0,0,0,0,0,0,0,0,0,0,0,0,0,0,0
81,0,0,83,0,84,75,82,79,0,79,0,87,91,78,89,100,98,70,88,89,84,62,88,89
87,90,0,73,0,91,78,88,76,77,71,79,83,81,91,76,84,85,80,72,86,85,80,76,77
0,90,87,0,89,0,0,0,75,94,0,0,95,0,77,86,92,95,0,0,0,0,0,76,87
0,0,79,0,84,74,0,0,0,0,0,0,0,0,0,0,89,100,0,0,0,0,0,90,89
0,0,0,0,0,60,61,65,60,62,67,61,70,61,51,60,0,0,85,63,61,65,68,65,65
0,0,0,0,76,74,0,0,76,87,0,0,89,0,79,78,90,88,0,0,0,0,0,80,76
0,66,0,73,0,72,73,81,67,0,72,0,73,62,62,69,78,81,87,61,85,76,78,72,85
0,82,86,0,76,65,66,69,70,89,71,0,63,0,75,77,68,84,75,83,74,72,0,87,75
74,64,0,82,0,66,60,76,78,0,60,82,66,79,76,74,87,74,84,0,79,77,67,70,67
0,67,74,0,87,82,58,44,80,0,0,0,73,0,66,71,94,80,0,0,22,0,0,80,80
0,20,0,62,0,58,0,0,0,0,0,69,0,0,20,20,20,32,0,0,0,0,0,20,20
0,90,76,0,83,87,0,0,81,92,0,0,89,0,84,91,96,84,0,0,0,0,0,72,80
95,0,0,0,83,82,88,88,81,82,91,0,89,0,88,84,83,83,87,97,80,82,0,87,91
0,0,73,0,76,91,0,0,0,0,0,0,0,0,0,0,84,75,0,0,0,0,0,84,86
94,96,83,0,94,88,93,93,92,96,89,0,93,0,91,97,90,91,84,96,90,94,0,94,92
76,75,0,80,0,83,93,74,92,99,76,82,73,81,71,70,69,0,87,0,67,67,80,84,74
72,77,0,81,0,76,66,79,75,91,68,0,68,86,70,71,95,83,85,84,79,82,75,83,78
0,0,0,0,0,0,0,0,0,0,0,0,59,0,75,60,0,71,0,0,0,0,0,0,0
0,91,70,0,85,88,0,0,77,90,0,0,93,0,80,91,100,92,0,0,0,0,0,81,92
0,89,77,0,80,86,0,0,62,91,0,0,85,0,67,84,79,83,0,0,0,0,0,72,70
86,80,0,81,0,61,71,84,74,0,76,87,64,64,70,80,93,80,79,91,85,84,75,73,74
0,0,69,0,87,90,0,0,0,0,0,0,0,0,0,0,94,74,0,0,0,0,0,68,71
82,86,0,79,0,92,68,85,60,86,73,0,67,84,60,65,91,86,80,0,76,77,85,70,81
95,84,0,0,0,0,88,95,91,94,60,94,94,97,99,88,60,87,97,0,90,93,68,0,0
90,95,0,77,0,86,83,87,87,0,79,0,88,92,95,90,92,94,96,89,92,84,80,88,91
0,0,0,0,85,87,0,0,0,0,0,0,0,0,0,0,90,93,0,0,0,0,0,90,82
0,0,0,0,76,81,0,0,0,0,0,0,0,0,0,0,88,85,0,0,0,0,0,90,87
94,89,0,0,81,79,73,83,80,96,83,0,84,0,92,83,88,95,85,85,76,74,0,81,75
0,95,0,0,94,91,0,0,85,90,0,0,93,0,89,95,90,98,0,0,0,0,0,80,90
0,0,0,0,79,67,0,0,0,0,0,0,0,0,0,0,70,79,0,0,0,0,0,74,84
0,89,0,0,82,82,0,0,76,88,0,0,80,0,79,83,63,85,0,0,0,0,0,79,76
71,93,0,0,0,91,78,70,84,0,72,83,70,62,91,83,97,86,89,87,77,76,77,73,81
0,94,85,0,88,90,95,91,95,79,87,0,91,0,90,92,85,93,84,0,92,88,0,83,85
0,96,0,0,95,0,0,86,88,0,0,0,93,0,90,94,100,97,0,93,75,84,0,94,99
0,0,0,0,86,92,0,0,0,0,0,0,0,0,0,0,80,84,0,0,0,0,0,80,82
90,90,0,76,0,94,77,80,92,100,80,90,88,97,90,87,95,85,88,0,85,88,75,91,92
0,93,77,0,0,0,0,0,80,90,0,0,73,0,89,92,100,83,0,0,0,0,0,72,82
71,0,87,0,77,70,80,83,68,0,67,0,69,0,80,73,72,89,82,0,62,62,0,82,72
87,78,77,0,92,80,82,89,83,94,92,0,75,0,66,86,82,83,83,0,85,88,0,75,87
87,84,0,81,0,75,67,92,85,98,79,0,79,92,89,88,66,0,78,97,84,88,81,0,0
72,85,0,0,0,95,72,94,76,99,77,86,74,96,74,89,96,0,67,94,67,84,65,63,70
0,92,84,0,93,94,0,0,81,91,0,0,90,0,84,93,100,92,0,0,0,0,0,68,77
0,92,0,81,0,61,87,92,92,100,86,98,93,97,94,96,96,91,88,99,98,88,85,91,94
87,96,0,81,0,89,87,95,91,0,91,94,94,90,98,87,91,78,94,0,97,98,82,85,93
0,0,75,0,66,90,0,0,0,0,0,0,0,0,0,0,76,85,0,0,0,0,0,94,84
0,88,0,0,0,0,0,0,75,88,0,0,83,0,66,82,0,85,0,0,0,0,0,78,83
95,96,71,0,0,0,74,82,85,92,83,0,82,0,95,89,82,85,95,89,90,94,0,91,98
0,0,0,0,79,84,0,0,0,0,0,0,0,0,0,0,78,86,0,0,0,0,0,87,80
84,73,0,71,0,65,64,79,70,0,76,83,77,71,79,68,73,79,91,0,74,73,75,67,74
0,0,0,0,79,84,0,0,0,0,0,0,0,0,0,0,97,89,0,0,0,0,0,85,74
0,0,77,0,79,84,0,0,0,0,0,0,0,0,0,0,83,82,0,0,0,0,0,68,72
81,73,0,79,0,85,77,92,79,0,73,87,74,80,88,74,85,70,85,0,92,81,84,61,78
76,71,0,70,0,67,61,75,72,0,69,71,87,83,74,75,87,85,81,74,73,62,68,90,84
91,0,83,0,84,86,74,87,79,89,80,0,86,0,74,77,94,88,76,91,84,87,0,78,73
0,93,74,0,79,85,0,0,86,90,0,0,95,0,86,87,90,80,0,0,0,0,0,83,91
97,97,0,85,0,99,86,99,86,0,84,93,94,97,94,88,92,95,77,85,82,87,95,91,97
80,86,78,0,76,63,85,92,80,96,86,0,83,0,90,86,93,86,91,0,95,93,0,84,84
95,94,0,84,0,94,87,94,94,100,90,96,93,96,94,89,94,0,87,0,92,88,87,91,88
63,60,0,75,0,73,63,73,60,85,68,80,64,66,61,62,69,68,80,0,74,65,69,65,68
0,96,77,0,91,84,0,0,89,92,0,0,91,0,89,97,99,99,0,0,0,0,0,93,92
0,0,83,0,89,92,0,0,0,0,0,0,0,0,0,0,91,96,0,0,0,0,0,80,86
92,96,0,78,0,77,96,84,82,0,79,0,92,95,93,94,92,98,86,81,97,94,87,98,98
85,87,0,81,0,0,78,85,88,97,84,0,85,86,80,88,100,0,91,81,87,89,85,0,0
90,71,0,84,0,87,76,82,81,0,81,89,85,72,81,83,79,84,77,98,84,86,86,74,80
85,86,0,80,0,89,80,87,83,99,72,93,91,89,91,94,98,0,68,83,87,70,70,92,79
72,72,77,0,93,77,51,71,60,84,72,0,62,0,69,73,94,86,80,0,60,70,0,86,77
0,0,0,0,69,0,0,0,0,0,0,0,0,0,0,0,80,99,0,0,0,0,0,93,89
95,90,0,74,0,95,82,82,96,98,86,97,81,100,86,91,93,0,77,0,89,83,92,80,95
0,85,0,85,0,93,63,81,65,88,70,76,90,77,84,75,89,86,85,0,79,85,77,84,91
84,84,83,0,89,96,83,72,82,85,68,0,74,0,81,85,94,75,82,0,77,87,0,67,72
88,88,0,75,0,72,81,80,76,0,68,81,82,84,83,91,92,91,80,79,81,74,80,85,83
88,60,0,78,0,74,64,85,67,0,69,77,80,72,68,69,82,69,82,89,72,84,78,44,62
90,95,70,0,0,0,83,93,89,91,90,0,87,0,92,94,100,92,82,94,83,84,0,90,87
0,0,74,0,76,90,0,0,0,0,0,0,0,0,0,0,94,90,0,0,0,0,0,91,75
80,90,76,0,97,95,86,80,74,86,88,0,84,0,90,97,100,91,90,93,82,79,0,88,87
85,93,0,78,0,73,79,88,92,0,87,90,88,93,86,90,92,89,94,0,89,80,73,93,91
91,84,0,78,0,87,74,86,83,0,80,97,90,87,95,86,91,90,82,0,89,80,76,87,69
88,0,69,0,90,94,86,85,77,88,87,0,81,0,70,80,95,76,88,88,80,87,0,76,76
65,66,0,84,0,72,64,78,63,0,77,76,62,65,62,69,95,63,80,0,73,71,78,65,66
92,97,0,0,0,91,87,92,91,100,86,0,97,99,93,95,93,98,96,82,85,82,91,95,96
0,96,0,0,87,86,0,91,90,95,91,0,97,0,99,93,86,87,93,93,87,85,0,91,91
0,68,0,82,60,65,64,61,67,73,62,0,40,0,42,60,70,60,78,0,37,58,54,69,54
76,0,0,82,0,65,63,66,83,96,74,0,64,71,85,60,62,72,65,79,67,62,61,80,70
86,93,0,78,0,0,84,85,90,100,83,92,84,93,89,76,97,0,80,97,88,89,88,0,0
0,97,0,0,92,76,0,0,89,0,0,0,91,0,85,94,98,95,0,0,0,0,0,86,74
0,84,0,0,0,85,63,66,87,94,61,82,67,64,72,80,87,85,76,0,64,68,62,77,75
95,94,0,80,0,91,86,96,87,0,85,92,86,98,91,87,85,93,83,0,88,90,92,79,93
0,0,0,0,94,94,66,72,84,65,73,0,70,0,84,92,83,89,84,83,70,68,0,89,82
0,98,81,0,94,94,90,84,84,90,85,0,89,0,93,94,97,88,82,0,88,89,0,84,83
69,79,0,76,0,76,70,70,67,0,75,73,81,80,72,91,85,99,71,67,63,61,65,92,97
0,0,82,0,68,84,0,0,52,87,0,0,56,0,50,60,80,90,0,0,0,0,0,76,70
0,0,73,0,70,75,0,0,0,0,0,0,0,0,0,0,0,70,0,0,0,0,0,71,52
0,0,63,0,77,66,0,0,0,0,0,0,0,0,0,0,60,78,0,0,0,0,0,60,63
60,94,0,81,0,92,77,87,88,0,60,97,90,82,99,85,99,92,90,0,60,81,86,96,92
0,0,0,0,0,0,0,0,0,0,0,0,0,0,0,0,0,94,0,0,0,0,0,0,0
76,67,0,76,0,67,60,82,65,0,71,80,78,65,77,82,87,83,85,80,72,84,83,90,95
85,77,0,72,0,81,84,86,70,0,74,74,79,86,72,82,91,92,70,72,80,84,86,83,91
0,94,0,0,90,83,95,93,83,86,88,0,89,0,92,90,79,71,87,98,91,92,0,75,77
0,0,68,0,74,80,0,0,0,0,0,0,0,0,0,0,64,84,0,0,0,0,0,78,66
0,0,85,0,82,97,0,0,0,0,0,0,0,0,0,0,100,82,0,0,0,0,0,82,91
70,62,0,70,0,60,60,72,69,0,80,65,61,85,62,72,84,62,81,0,76,71,62,77,62
0,0,0,0,78,0,0,0,0,0,0,0,0,0,0,0,69,86,0,0,0,0,0,94,77
0,74,81,0,85,73,0,0,78,85,0,0,65,0,58,77,83,88,0,0,0,0,0,69,74
0,93,0,0,89,75,82,92,88,95,90,0,84,0,95,86,96,92,93,93,84,86,0,95,90
0,0,0,0,84,92,0,0,0,0,0,0,0,0,0,0,99,99,0,0,0,0,0,93,91
0,74,0,67,0,60,61,74,64,70,60,61,67,74,61,72,81,79,80,75,63,63,60,71,62
0,0,0,0,78,94,0,0,0,0,0,0,0,0,0,0,87,83,0,0,0,0,0,91,77
94,96,0,86,0,86,88,90,91,0,92,97,94,80,82,94,87,92,86,0,97,94,89,86,82
60,94,0,74,0,91,95,93,90,60,90,0,91,87,90,99,99,90,90,0,94,89,88,87,90
90,92,0,82,0,84,83,94,88,0,88,91,82,84,96,85,87,89,88,0,85,87,89,84,88
0,87,85,0,77,79,0,0,0,83,0,0,82,0,82,80,85,84,0,0,0,0,0,67,76
46,72,0,72,0,87,71,71,62,83,68,82,71,71,76,80,93,91,85,64,74,75,71,74,79
0,0,83,0,82,86,0,0,0,0,0,0,0,0,0,0,86,92,0,0,0,0,0,83,71
76,85,0,69,0,98,81,87,88,100,82,93,86,91,84,92,93,97,79,85,88,83,69,87,80
0,42,0,0,0,0,0,0,28,0,0,0,17,0,10,61,0,80,0,0,0,0,0,0,0
0,75,0,0,0,0,0,80,78,0,73,0,0,76,67,0,0,0,0,0,0,76,78,0,0
93,85,0,75,0,72,60,88,80,97,73,78,71,94,72,76,89,82,87,0,76,78,87,83,76
89,85,0,72,0,64,64,89,82,82,72,83,67,74,81,80,81,66,76,92,90,87,80,63,67
0,96,75,0,92,92,0,0,82,94,0,0,93,0,74,80,89,85,0,0,0,0,0,72,84
87,88,0,75,0,71,80,74,83,96,74,87,71,82,77,74,76,84,75,83,63,86,71,85,78
0,0,0,0,82,90,0,0,0,0,0,0,0,0,0,0,77,96,0,0,0,0,0,89,87
0,95,0,0,0,0,0,0,91,93,0,0,89,0,93,96,96,95,0,0,0,0,0,87,89
63,84,79,0,84,86,81,78,83,0,81,0,75,0,88,73,77,79,78,87,78,80,0,77,75
0,92,83,0,93,90,0,0,80,94,0,0,89,0,83,88,60,91,0,0,0,0,0,81,78
82,78,0,74,0,90,79,78,90,95,82,0,81,93,87,84,87,89,71,0,76,83,61,80,84
0,80,0,76,0,86,60,62,65,0,71,0,64,77,66,73,84,83,80,77,69,60,66,61,75
83,0,82,0,0,0,0,88,67,72,86,0,85,0,87,82,76,84,84,88,76,79,0,87,88
87,86,0,85,0,90,81,82,86,88,79,93,81,80,87,69,86,92,91,98,81,91,86,88,92
81,92,0,0,0,65,82,80,91,93,80,89,88,88,86,90,93,93,76,0,81,80,76,86,80
0,96,86,0,90,87,0,0,89,98,0,0,92,0,97,94,96,98,0,0,0,0,0,95,90
0,97,85,0,95,92,0,0,92,95,0,0,97,0,92,94,99,100,0,0,0,0,0,94,94
91,87,79,0,0,0,79,91,84,90,86,0,78,0,94,86,95,79,85,87,86,95,0,78,84
0,93,76,0,82,83,84,88,86,0,86,0,72,0,92,95,95,83,77,0,82,83,73,80,90
77,64,0,83,0,68,62,82,60,83,60,0,62,71,63,62,81,82,65,71,61,60,69,65,78
56,86,0,74,0,66,63,68,73,90,74,82,76,75,92,79,79,85,78,0,72,73,64,77,80
0,0,75,0,76,80,0,0,55,0,0,0,51,0,0,70,82,68,0,0,0,0,0,39,0
86,76,0,73,0,87,76,75,73,0,79,0,80,90,87,69,95,86,81,64,66,75,77,80,88
0,0,73,0,67,80,0,0,0,0,0,0,0,0,0,0,62,77,0,0,0,0,0,71,73
81,63,0,75,0,85,76,76,69,0,76,0,67,63,63,76,86,70,84,87,82,77,75,70,64
0,88,77,0,90,91,83,89,85,80,86,0,78,0,89,82,76,77,84,94,82,80,0,70,77
87,86,0,76,0,0,78,90,81,0,76,95,82,78,74,60,0,81,78,90,90,81,92,0,0
75,0,76,0,86,92,83,92,84,94,86,0,87,0,94,94,95,87,89,95,92,97,0,85,82
95,91,82,0,87,87,75,97,91,0,90,0,99,0,100,95,95,87,98,92,92,92,0,92,91
71,81,0,78,0,84,65,80,71,86,70,80,90,73,93,63,92,72,85,90,73,75,74,76,80
88,83,0,81,0,84,76,77,84,91,81,0,66,80,62,79,95,0,66,86,71,67,80,84,64
0,96,80,0,90,86,0,0,88,97,0,0,93,0,94,92,97,98,0,0,0,0,0,89,95
98,93,80,0,91,80,94,86,89,93,90,0,98,0,91,94,81,98,96,0,83,87,0,91,95
83,81,0,75,0,68,83,88,83,90,80,85,81,78,93,91,94,89,89,88,87,85,78,86,89
96,100,82,0,85,93,0,92,90,97,89,0,92,0,88,92,85,80,82,0,88,89,0,86,86
0,93,76,0,72,81,0,0,85,92,0,0,94,0,90,93,65,96,0,0,0,0,0,80,73
0,97,0,83,0,98,82,98,86,98,75,86,87,93,81,85,94,81,80,85,91,87,93,88,96
0,89,78,0,79,92,0,0,78,91,0,0,87,0,90,83,72,94,0,0,0,0,0,82,81
88,92,77,0,75,90,89,85,94,87,87,0,87,0,94,86,73,86,89,0,85,83,0,86,79
86,78,0,77,0,67,75,83,83,0,81,0,77,82,87,69,72,80,85,0,78,71,78,65,78
77,78,0,78,0,87,68,75,80,95,80,87,78,86,82,90,92,92,72,80,67,78,63,82,75
0,78,0,0,92,90,95,92,91,0,83,0,90,0,65,79,92,87,83,0,89,93,65,75,72
79,89,0,82,0,77,72,75,70,86,66,0,71,93,90,82,85,87,71,69,69,70,74,77,76
78,0,74,0,74,93,68,87,79,0,76,0,77,0,97,78,97,81,81,83,74,78,0,77,90
0,0,77,0,66,85,0,0,0,0,0,0,0,0,0,0,92,60,0,0,0,0,0,71,77
95,87,0,73,0,80,82,82,79,0,82,86,86,93,87,60,83,93,79,0,82,81,84,90,84
0,94,0,86,0,80,85,94,76,0,78,90,93,95,82,66,89,85,82,92,88,91,89,84,84
76,77,78,0,92,82,55,68,63,70,73,0,51,0,62,66,64,90,80,74,63,78,0,83,78
69,80,0,68,0,79,77,75,88,0,83,86,76,78,76,72,61,60,81,93,79,69,82,68,76
0,0,0,0,74,84,0,0,0,0,0,0,0,0,0,0,78,97,0,0,0,0,0,93,85
0,97,0,0,88,92,0,0,80,91,0,0,92,0,90,90,84,93,0,0,0,0,0,79,82
0,82,0,0,74,76,0,0,46,86,0,0,61,0,63,68,79,95,0,0,0,0,0,83,87
67,80,0,70,0,73,77,76,65,74,68,0,82,85,84,71,90,85,70,0,69,63,60,91,85
0,95,0,85,0,75,80,92,87,0,81,0,91,95,96,86,100,91,86,0,83,86,86,96,95
92,93,0,71,0,88,85,85,90,0,83,88,78,91,76,89,86,0,90,86,90,87,84,83,82
0,0,74,0,77,85,79,67,85,77,74,0,73,0,87,85,86,80,94,89,73,61,0,82,77
95,98,0,0,84,87,80,90,0,93,87,0,93,96,91,0,90,98,94,93,87,92,0,92,97
0,81,69,0,65,76,80,79,76,0,83,0,80,0,85,78,72,83,86,0,85,76,0,80,87
0,0,82,0,73,94,0,0,0,0,0,0,0,0,0,0,94,89,0,0,0,0,0,83,94
0,0,0,71,0,71,81,83,84,0,85,86,82,74,87,90,86,0,85,91,76,81,71,85,83
89,92,0,0,0,90,81,94,72,0,90,90,81,85,90,82,84,93,82,71,80,83,78,72,73
94,76,0,75,0,83,76,89,73,77,74,0,83,96,74,89,79,92,82,79,86,86,86,84,90
79,89,0,83,0,88,67,76,70,98,78,84,74,79,77,75,82,81,73,89,70,78,84,76,72
94,89,0,86,0,83,85,96,89,86,77,89,88,82,77,69,86,72,85,80,86,85,83,72,80
0,80,0,69,0,92,66,73,78,0,78,0,86,85,82,68,81,80,80,79,84,77,60,80,82
93,97,0,85,0,89,88,96,95,0,85,99,93,92,96,88,90,91,76,98,94,93,89,89,90
0,0,78,0,90,86,0,0,0,0,0,0,0,0,0,0,97,92,0,0,0,0,0,91,96
0,82,81,0,70,68,0,0,82,91,0,0,76,0,82,85,81,81,0,0,0,0,0,70,71
0,0,68,0,76,76,0,0,0,0,0,0,0,0,0,0,81,84,0,0,0,0,0,82,79
0,95,80,0,70,87,0,0,83,0,0,0,95,0,93,92,95,95,0,0,0,0,0,83,88
0,0,86,0,82,72,0,0,0,0,0,0,0,0,0,0,81,90,0,0,0,0,0,85,83
0,85,0,0,95,90,0,0,87,90,0,0,84,0,98,91,82,90,0,0,0,0,0,87,82
91,0,80,0,0,0,82,86,86,86,87,0,92,0,86,93,100,94,81,0,82,80,0,87,92
0,78,71,0,87,85,0,0,78,90,0,0,88,0,65,87,89,90,0,0,0,0,0,82,82
0,0,82,0,87,94,0,0,0,0,0,0,0,0,0,0,92,95,0,0,0,0,0,77,75
79,65,0,74,0,77,71,79,70,0,69,82,60,60,90,79,82,80,83,76,86,77,74,68,75
0,79,0,0,88,80,0,0,68,90,0,0,82,0,75,76,99,86,0,0,0,0,0,82,71
0,88,0,0,0,0,0,0,77,0,0,0,0,82,83,0,0,0,0,0,0,0,0,0,0
82,86,0,75,0,84,72,87,76,0,68,0,84,75,79,84,90,83,92,80,76,72,74,82,87
75,87,0,75,0,90,80,85,74,0,86,0,82,86,79,95,98,80,86,82,83,88,80,79,83
84,73,0,83,0,82,86,87,80,89,89,95,82,80,75,80,98,84,89,0,92,85,87,84,75
0,0,81,0,83,93,0,0,0,0,0,0,0,0,0,0,100,99,0,0,0,0,0,90,83
78,87,0,80,0,0,75,85,80,0,83,85,75,60,71,83,96,0,86,0,81,75,81,81,80
0,76,75,0,80,82,71,80,86,89,78,0,81,0,89,82,80,71,72,81,69,86,0,72,76
0,91,79,0,94,88,78,76,85,0,84,0,71,0,88,89,100,90,78,0,69,71,0,87,85
89,91,78,0,83,73,90,87,78,84,79,0,83,0,93,96,90,86,82,0,87,71,0,83,78
79,86,79,0,87,80,86,81,68,89,84,0,68,0,81,82,82,91,87,86,78,66,0,83,76
0,0,72,0,80,92,0,0,0,0,0,0,0,0,0,0,92,90,0,0,0,0,0,86,75
89,87,0,76,0,82,60,81,76,0,74,82,74,71,80,60,85,78,84,83,86,76,68,70,69
0,0,70,0,79,92,0,0,0,0,0,0,0,0,0,0,85,83,0,0,0,0,0,87,74
94,87,0,74,0,90,88,88,85,0,86,0,89,83,82,91,89,90,80,86,69,87,87,85,88
87,72,0,0,0,77,83,91,79,0,75,85,70,69,67,73,85,90,89,85,90,83,74,83,76
0,82,0,0,0,76,78,88,70,80,72,83,82,90,80,85,82,88,80,83,72,85,78,74,80
0,91,83,0,87,86,0,0,88,94,0,0,92,0,88,87,100,93,0,0,0,0,0,87,83
0,89,78,0,0,78,0,0,71,0,0,0,75,0,80,85,85,80,0,0,0,0,0,80,75
88,83,0,88,0,87,86,89,85,0,84,98,98,72,91,92,91,86,86,96,87,85,87,90,86
82,91,0,69,0,78,71,62,68,84,63,80,64,63,61,63,81,63,75,0,62,60,60,62,73
0,90,0,0,0,84,75,88,83,88,88,0,85,0,93,96,99,96,91,94,77,78,0,0,0
80,69,0,68,0,86,65,85,69,96,77,89,61,76,69,65,93,93,76,88,81,86,81,89,81
83,87,86,0,0,0,76,96,78,87,86,0,79,0,95,74,96,77,86,92,89,84,0,82,85
83,77,0,86,0,71,90,77,71,97,76,0,73,85,75,79,73,81,77,87,79,74,73,73,83
92,79,0,80,0,84,80,91,83,0,88,95,62,82,87,90,94,78,76,98,78,85,80,67,77
0,90,0,79,0,88,73,91,78,98,89,92,75,77,90,91,92,90,79,92,88,92,85,81,79
86,88,0,81,0,83,85,77,82,0,83,85,92,91,99,76,92,97,84,92,78,82,87,86,93
0,95,0,0,85,87,0,0,77,87,0,0,84,0,71,82,98,92,0,0,0,0,0,84,81
70,93,0,83,0,74,77,86,93,98,85,0,88,95,92,90,86,88,71,0,79,77,82,90,93
0,0,78,0,82,86,0,0,0,0,0,0,0,0,0,0,97,81,0,0,0,0,0,87,79
84,85,0,76,0,70,74,83,79,0,79,0,86,79,87,75,80,72,79,0,81,87,87,70,76
0,0,85,0,96,76,0,0,0,0,0,0,0,0,90,98,100,95,0,0,0,0,0,90,88
0,96,81,0,0,0,0,0,90,95,0,0,92,0,92,88,0,88,0,0,0,0,0,90,88
0,87,77,0,85,77,0,0,85,92,0,0,78,0,73,87,93,95,0,0,0,0,0,87,87
89,87,84,0,83,67,83,80,70,0,83,0,67,0,91,80,73,78,79,0,63,76,0,82,64
73,83,0,74,0,89,77,87,76,0,80,0,66,70,77,62,86,76,89,85,88,75,73,65,61
93,91,0,0,0,98,92,94,90,0,82,94,91,94,93,88,93,83,89,98,92,89,91,89,85
77,82,73,0,84,75,0,80,73,81,0,0,72,0,76,81,70,85,0,0,69,68,0,74,72
94,87,80,0,82,87,78,97,77,98,87,0,83,0,70,87,95,68,86,0,90,81,0,70,81
74,82,0,0,0,89,75,70,60,96,61,0,74,67,60,77,65,92,66,79,73,71,60,91,89
0,0,76,0,0,0,0,0,0,0,0,0,0,0,0,0,0,98,0,0,0,0,0,96,96
0,90,83,0,0,0,65,82,90,96,82,0,91,0,93,93,85,91,83,94,82,91,0,93,92
98,94,0,0,0,91,84,97,87,0,84,97,88,94,88,92,97,90,85,0,95,90,84,95,93
0,0,79,0,70,84,21,76,52,80,2,0,72,0,63,74,66,81,0,0,64,6,0,78,83
74,62,0,72,0,92,60,61,70,0,60,73,73,78,71,72,87,84,82,84,64,62,63,75,83
75,81,0,79,0,60,64,76,74,0,72,0,66,68,79,86,86,92,76,83,72,75,68,82,88
42,77,0,78,0,84,65,63,75,96,73,74,78,65,71,72,77,85,85,84,67,64,73,76,84
92,89,0,0,0,96,88,93,83,0,93,90,85,73,80,91,95,89,93,0,89,91,91,76,72
70,76,84,0,77,83,80,66,61,78,81,0,64,0,65,76,80,81,74,76,70,73,0,76,74
64,0,77,0,0,0,71,67,64,0,77,0,78,0,74,76,90,89,82,0,60,63,0,86,92
84,0,79,0,88,85,0,91,90,90,86,0,89,0,91,90,84,94,95,95,82,77,0,90,90
53,67,0,68,0,75,60,62,74,0,71,67,62,81,76,72,66,66,87,63,60,71,74,61,60
60,91,80,0,88,84,85,69,78,0,60,0,90,0,89,84,84,80,88,81,84,86,0,73,61
93,89,0,77,0,87,90,91,84,92,86,0,83,94,87,80,86,92,79,83,95,94,95,91,90
0,91,82,0,86,89,0,0,77,93,0,0,82,0,75,89,82,89,0,0,0,0,0,67,77
0,89,0,0,0,78,70,65,77,0,72,91,88,68,89,88,92,89,79,92,65,77,60,86,89
60,79,0,83,0,77,81,83,79,0,60,100,90,89,96,78,85,66,84,0,60,86,85,84,86
91,94,0,70,0,92,81,87,94,0,86,93,90,89,89,90,90,87,89,0,94,79,84,82,83
71,72,0,69,0,76,64,70,69,0,72,0,73,66,60,86,97,78,91,0,84,64,66,73,64
63,0,0,0,0,0,69,0,30,88,69,79,0,31,64,0,0,0,76,0,0,62,61,0,0
82,88,0,80,0,0,74,92,78,83,82,0,76,71,82,89,86,87,85,92,82,79,78,0,0
65,60,0,65,67,67,69,63,21,69,61,0,32,0,60,42,63,61,75,60,60,25,0,60,29
0,77,0,0,81,0,0,0,0,91,0,0,0,0,50,85,0,90,0,0,0,0,0,0,0
0,93,72,0,85,65,80,85,87,88,80,0,72,0,88,85,87,83,71,0,88,76,0,90,71
83,87,0,0,92,96,68,89,81,86,76,0,87,0,88,86,95,87,74,80,80,85,0,84,85
0,0,0,0,85,94,0,0,0,0,0,0,0,0,0,0,95,96,0,0,0,0,0,91,83
0,0,75,0,72,94,60,61,65,89,67,0,77,0,74,67,90,85,77,0,60,60,0,79,81
0,89,80,0,77,87,0,0,84,94,0,0,92,0,89,91,87,88,0,0,0,0,0,71,78
0,97,0,83,0,93,82,88,71,92,85,0,83,91,99,90,78,80,93,91,92,93,80,0,0
78,78,0,67,0,66,69,80,64,74,73,0,72,79,64,64,83,91,78,77,63,78,74,72,92
93,88,0,0,0,0,79,90,81,0,76,71,81,81,87,81,0,95,82,79,81,82,83,0,0
76,88,0,74,0,60,61,71,67,0,71,0,60,78,81,63,89,83,85,78,64,77,67,80,69
0,77,0,83,0,90,77,84,76,0,79,85,88,89,73,90,86,76,77,96,90,72,80,76,76
89,79,0,79,0,77,71,83,80,0,83,83,71,75,75,83,85,86,89,87,83,80,77,80,88
0,88,78,0,83,69,0,0,78,91,0,0,77,0,79,90,70,92,0,0,0,0,0,86,87
81,78,0,68,0,80,60,68,87,87,68,0,67,63,73,92,86,79,85,0,64,65,69,84,61
0,0,72,0,83,87,0,0,0,0,0,0,0,0,0,0,99,91,0,0,0,0,0,80,68
0,76,0,81,0,75,76,90,87,0,62,90,75,87,68,68,87,69,90,99,82,91,79,63,63
71,75,0,77,0,80,69,66,72,88,75,63,71,70,66,70,85,74,83,78,74,60,75,78,78
92,80,0,74,0,91,77,92,80,0,87,87,82,84,86,84,99,91,94,93,85,90,79,89,71
90,80,0,73,0,72,85,84,90,97,85,94,80,97,82,80,84,85,77,99,90,83,85,84,88
0,0,0,0,95,87,0,0,0,0,0,0,0,0,0,0,100,96,0,0,0,0,0,88,75
65,60,0,86,0,70,60,71,61,74,70,0,71,75,66,62,71,64,79,70,70,80,69,62,69
0,78,82,0,63,64,0,0,74,88,0,0,61,0,61,74,67,73,0,0,0,0,0,64,62
0,88,82,0,70,91,0,0,66,86,0,0,62,0,68,79,83,76,0,0,0,0,0,63,74
42,61,0,75,0,60,62,62,68,73,70,0,63,71,72,65,86,71,77,61,61,67,60,60,77
86,74,0,72,0,60,72,90,93,0,74,81,75,83,73,92,94,78,76,86,77,86,83,73,72
92,95,0,0,0,95,89,94,88,0,84,97,95,95,93,90,99,91,95,0,92,91,87,91,94
89,0,0,0,87,0,89,0,0,0,0,0,0,0,0,0,0,0,80,0,0,78,0,0,0
0,0,81,0,77,84,0,0,0,0,0,0,0,0,0,0,95,90,0,0,0,0,0,97,86
0,78,0,0,0,84,65,78,62,0,80,83,65,66,60,69,92,62,86,78,77,79,66,72,60
0,89,0,0,78,95,77,90,80,0,92,0,76,0,86,84,94,84,74,91,83,87,0,70,84
88,97,0,82,0,80,80,90,85,95,83,88,91,98,92,92,89,100,80,75,87,87,89,89,95
65,83,0,81,0,75,60,78,71,82,70,74,65,82,70,60,0,0,84,70,60,60,64,0,0
88,87,0,82,0,92,82,92,88,97,81,86,77,96,81,89,96,88,83,88,87,87,73,85,81
85,92,0,75,0,66,80,79,61,86,63,82,81,86,81,87,82,91,85,75,86,60,74,89,91
0,92,0,0,85,90,0,0,84,88,0,0,87,0,84,93,80,92,0,0,0,0,0,79,81
0,66,0,77,0,70,69,60,68,81,66,63,60,70,62,67,99,88,82,62,63,62,60,79,60
94,91,0,80,0,74,81,89,89,98,90,95,86,93,93,90,85,91,78,94,89,84,82,92,92
75,91,0,69,0,91,82,86,86,0,85,85,86,92,96,93,97,96,98,92,94,80,84,87,83
94,66,0,0,0,90,81,82,85,97,84,0,82,60,74,88,84,90,72,91,79,87,86,87,67
82,70,0,75,0,90,60,85,74,0,76,79,75,69,64,80,95,84,81,0,88,67,76,68,72
0,85,80,0,0,0,0,0,83,88,0,0,94,0,89,91,90,92,0,0,0,0,0,88,76
73,86,78,0,81,60,74,83,73,0,78,0,79,0,84,78,76,84,73,73,68,84,0,84,85
0,0,0,0,88,65,68,0,79,84,80,0,83,0,81,80,92,85,85,0,0,0,61,77,85
0,97,73,0,82,91,0,0,95,96,0,0,96,0,95,94,93,95,0,0,0,0,0,87,95
80,84,74,0,88,70,61,69,65,86,73,0,74,0,94,93,90,84,71,68,76,66,0,85,70
0,0,84,0,86,92,0,0,0,0,0,0,0,0,0,0,99,100,0,0,0,0,0,89,94
0,70,0,82,0,70,66,85,70,86,62,0,71,82,77,82,82,84,82,79,73,75,80,81,87
0,0,82,0,88,96,0,0,0,0,0,0,0,0,0,0,94,94,0,0,0,0,0,99,89
0,93,0,0,81,91,0,0,87,97,0,0,93,0,96,93,96,95,0,0,0,0,0,81,86
89,95,0,0,0,88,0,87,80,0,89,0,0,98,97,93,91,94,85,79,81,87,96,95,91
65,91,78,0,82,74,77,90,80,88,78,0,81,0,87,85,92,89,73,0,63,65,0,76,84
83,61,0,71,0,67,73,81,78,0,70,0,64,78,61,83,94,71,85,0,81,79,69,61,65
85,84,86,0,83,75,72,84,64,95,78,0,83,0,83,78,92,78,90,0,72,72,0,73,69
0,89,0,0,87,94,91,89,94,0,87,0,94,0,94,95,94,98,82,96,81,82,0,94,89
73,91,0,0,0,93,73,86,76,93,78,0,80,0,74,85,91,94,83,74,72,71,0,88,78
80,81,0,80,0,91,83,84,80,96,90,0,85,86,96,75,92,95,87,98,94,81,81,79,90
0,82,0,0,0,92,75,86,83,0,65,0,81,89,61,83,95,88,80,83,86,90,93,87,84
0,0,77,0,0,0,0,0,0,0,0,0,0,0,0,0,0,94,0,0,0,0,0,85,91
87,78,78,0,87,77,72,84,74,91,81,0,62,0,76,75,86,68,81,0,80,84,0,66,65
85,92,78,0,0,0,77,94,83,91,73,0,73,0,88,93,97,81,86,0,93,87,82,86,91
0,0,83,0,79,0,0,0,0,0,0,0,0,0,0,0,0,93,0,0,0,0,0,94,95
88,82,0,0,0,81,67,93,79,84,75,80,81,90,76,95,94,94,80,86,75,73,90,89,92
92,94,76,0,84,87,87,85,85,87,88,0,83,0,93,92,82,88,100,0,80,84,0,79,80
0,79,83,0,87,88,68,85,77,83,74,0,76,0,87,77,92,95,72,80,75,79,0,94,90
0,92,0,0,84,84,0,0,74,89,0,0,79,0,86,86,96,95,0,0,0,0,0,84,84
0,0,0,0,85,94,0,0,0,0,0,0,0,0,0,0,92,90,0,0,0,0,0,87,82
0,96,83,0,85,95,77,97,97,89,93,0,96,100,95,0,91,91,83,93,92,94,0,92,90
0,81,0,77,0,75,78,93,81,0,76,81,74,84,90,84,0,87,85,69,84,80,68,0,0
0,71,0,0,0,0,70,0,0,0,0,0,69,0,67,78,0,76,0,0,0,0,0,0,0
77,60,0,73,0,75,63,78,69,0,70,74,60,66,62,60,71,79,79,87,76,74,75,65,66
90,95,0,0,0,85,80,85,83,99,78,92,90,97,76,99,95,96,88,89,84,87,89,97,92
0,63,0,0,0,61,76,60,60,0,72,0,54,0,60,83,0,87,75,70,60,0,0,0,0
79,73,79,0,92,82,88,81,88,88,86,0,79,0,92,87,97,85,89,97,87,68,72,78,65
68,65,0,75,0,70,60,69,62,0,63,76,65,60,60,63,81,70,81,0,64,61,67,61,60
91,88,82,0,83,83,78,92,89,91,86,0,85,0,89,86,84,80,90,86,85,96,0,81,73
0,96,79,0,93,92,0,0,79,95,0,0,88,0,95,93,98,88,0,0,0,0,0,86,87
0,83,71,0,80,76,0,0,72,90,0,0,74,0,81,74,85,76,0,0,0,0,0,73,62
0,0,71,0,68,63,0,0,0,0,0,0,0,0,0,0,66,81,0,0,0,0,0,75,63
65,84,0,76,0,79,74,77,84,92,76,0,71,88,84,87,91,0,73,87,80,80,63,77,83
0,95,0,0,0,0,0,0,82,94,0,0,85,0,93,90,97,95,0,0,0,0,0,88,87
61,76,76,0,71,75,54,60,62,86,61,0,46,0,76,70,60,85,0,82,50,57,0,91,70
0,85,0,0,0,83,84,90,92,98,85,0,78,95,92,85,96,95,83,91,88,89,85,96,92
60,52,0,71,0,45,33,60,60,0,46,0,68,62,60,63,71,61,80,0,62,60,63,60,68
0,0,81,0,0,0,0,90,89,84,81,0,94,0,97,89,83,91,82,0,91,88,0,89,94
0,93,0,0,0,97,94,97,81,90,88,0,97,94,94,98,94,99,84,83,92,97,83,96,99
86,88,0,85,0,95,63,87,73,90,80,0,80,76,80,87,87,95,85,87,60,63,86,86,91
86,79,0,0,0,83,64,87,86,0,79,83,80,75,91,67,88,87,90,87,83,79,81,81,74
92,93,0,77,0,89,82,90,92,0,83,94,91,76,93,87,90,85,82,0,91,94,86,77,87
80,73,80,0,90,89,89,82,73,78,85,0,80,0,88,88,85,81,82,0,77,73,0,78,71
0,0,84,0,75,96,0,0,0,0,0,0,0,0,0,0,92,84,0,0,0,0,0,88,85
86,77,0,0,83,70,80,92,74,87,75,0,73,0,85,77,84,74,81,74,78,88,0,85,75
93,98,0,85,0,92,85,94,90,0,87,90,81,67,88,85,92,92,90,95,94,87,88,88,94
82,86,78,0,87,89,77,83,73,83,79,0,70,0,90,81,86,92,87,0,84,80,0,84,78
0,0,77,0,61,80,0,0,0,0,0,0,0,0,0,0,80,86,0,0,0,0,0,70,75
0,77,0,0,75,41,55,61,40,0,61,0,55,0,70,79,0,60,64,0,29,65,0,0,0
85,87,78,0,85,96,82,90,81,93,79,0,63,0,87,83,97,81,83,91,85,81,0,74,82
0,95,86,0,87,94,0,0,91,94,0,0,97,0,95,93,86,94,0,0,0,0,0,91,89
91,78,0,0,73,72,0,74,71,75,76,0,68,0,71,67,60,84,87,0,81,86,0,78,80
81,0,0,0,72,0,64,0,0,0,0,0,0,0,0,0,74,0,74,0,0,66,0,0,0
0,85,81,0,92,77,0,0,35,0,0,0,32,0,59,73,99,91,0,0,0,0,0,85,78
67,82,77,0,86,66,85,80,72,85,83,0,80,0,73,79,80,86,77,0,69,74,0,90,80
93,67,0,0,0,66,64,83,74,0,75,82,62,69,65,70,87,79,86,94,82,79,83,69,62
82,77,0,0,0,0,0,85,64,80,81,0,74,0,66,81,0,68,82,0,64,82,0,0,0
76,85,0,78,0,88,75,88,84,0,73,0,61,87,82,78,89,86,76,0,85,77,81,83,78
70,75,0,81,0,80,69,75,76,0,67,89,83,71,94,78,93,91,83,94,85,61,78,90,84
80,50,0,83,0,60,61,72,71,0,75,74,71,63,60,77,90,70,80,83,68,63,80,69,72
71,92,70,0,72,88,80,87,84,93,79,0,77,0,96,88,84,82,79,88,82,76,0,82,76
83,90,0,76,0,81,70,83,77,0,81,0,90,78,94,89,92,87,87,89,89,69,80,81,90
0,94,87,0,97,92,93,90,97,89,86,0,97,0,95,93,97,98,74,83,86,82,0,0,0
0,83,86,0,0,0,0,85,82,90,63,0,60,0,83,82,100,78,82,0,0,0,0,82,80
0,0,85,0,0,0,0,0,0,0,0,0,0,0,0,0,0,64,0,0,0,0,0,43,0
80,0,72,0,94,90,85,83,81,80,82,0,81,0,72,83,70,87,87,0,71,85,0,80,89
0,0,82,0,74,90,0,0,0,0,0,0,0,0,0,0,95,84,0,0,0,0,0,88,93
0,92,78,0,0,0,0,0,94,97,0,0,96,0,96,95,100,93,0,0,0,0,0,83,86
93,0,80,0,90,84,74,85,80,0,81,0,78,0,91,83,90,83,82,91,71,80,0,75,86
0,0,0,0,80,73,0,0,0,0,0,0,0,0,0,0,79,94,0,0,0,0,0,87,83
0,76,0,71,0,87,76,74,78,91,70,79,61,95,74,81,85,0,72,85,65,67,68,86,78
0,66,0,0,0,86,60,75,77,88,70,81,67,70,69,68,90,73,82,0,78,73,77,69,68
0,0,66,0,60,61,0,0,0,0,0,0,0,0,0,0,80,60,0,0,0,0,0,75,74
62,68,0,81,0,77,63,63,60,61,76,76,76,66,60,76,82,64,75,0,61,67,70,75,71
0,88,0,78,0,70,67,82,82,97,72,95,88,93,77,77,87,80,70,89,76,74,71,79,82
91,0,77,0,92,95,81,83,89,96,84,0,76,0,94,86,91,94,89,0,89,97,0,86,97
73,85,0,73,0,76,62,70,65,0,61,79,69,85,76,84,80,71,80,72,61,80,64,69,95
87,87,0,78,0,70,84,97,72,0,80,78,83,79,74,84,90,88,71,72,67,79,86,86,92
76,85,0,0,86,93,86,92,78,92,85,0,94,0,87,88,85,73,79,89,80,75,0,82,83
65,61,0,69,0,83,66,74,72,0,63,0,61,71,71,84,89,78,83,62,60,62,78,68,87
91,82,0,57,0,66,64,85,65,78,77,0,62,72,77,66,85,85,86,68,78,82,85,76,84
70,89,0,81,0,69,73,81,83,94,78,0,69,86,79,82,83,90,66,98,73,77,77,74,74
93,100,0,0,92,95,91,90,92,83,84,0,88,0,98,95,90,96,90,0,88,90,0,82,91
71,62,0,73,0,60,60,61,65,0,67,68,60,74,60,75,86,71,70,87,60,60,63,70,62
0,90,75,0,66,78,0,0,75,92,0,0,78,0,81,90,99,94,0,0,0,0,0,74,85
85,87,0,81,0,84,80,90,81,0,79,91,85,94,85,79,91,89,77,87,91,76,74,90,80
0,92,0,0,96,79,0,0,78,92,0,0,74,0,82,79,97,91,0,0,0,0,0,78,76
83,78,0,74,0,62,61,82,67,0,71,79,71,87,80,80,0,92,85,75,72,77,76,0,0
90,92,75,0,92,76,83,96,88,99,85,0,94,0,92,88,83,82,88,0,93,92,0,87,87
98,93,0,87,0,90,88,92,91,0,88,97,96,98,99,81,93,85,89,100,94,89,96,81,91
87,91,71,0,75,68,81,85,90,88,82,0,81,0,89,80,94,90,69,77,89,91,0,91,92
0,84,79,0,75,78,0,0,87,95,0,0,80,0,73,77,87,93,0,0,0,0,0,74,71
94,93,0,81,0,95,79,86,76,0,76,0,90,92,94,84,85,97,88,0,78,81,81,96,93
0,0,0,0,77,88,0,0,0,0,0,0,0,0,0,0,99,90,0,0,0,0,0,81,80
85,85,0,86,0,83,70,90,83,0,67,97,93,81,95,0,77,83,88,97,92,84,80,0,0
0,0,84,0,93,96,0,0,0,0,0,0,0,0,0,0,99,99,0,0,0,0,0,95,99
86,82,0,0,0,70,65,90,68,0,81,0,81,90,93,76,96,86,75,0,89,84,86,84,89
0,0,74,0,76,87,0,0,0,0,0,0,0,0,0,0,73,95,0,0,0,0,0,83,73
0,0,78,0,52,0,0,0,0,0,0,0,0,0,0,0,0,29,0,0,0,0,0,37,0
0,85,75,0,0,0,0,90,89,93,84,0,87,0,88,85,99,91,85,0,85,75,0,87,85
0,81,80,0,96,80,71,88,77,87,89,0,81,0,89,83,83,89,70,0,83,83,0,85,84
84,94,0,85,0,84,78,85,87,0,79,90,79,94,84,86,86,0,85,95,85,90,76,90,86
92,89,0,84,0,83,81,94,74,88,82,86,82,86,73,81,89,88,89,92,86,93,84,89,84
0,85,0,89,0,94,67,0,67,0,0,85,86,89,90,0,0,87,88,0,0,0,0,0,0
87,0,64,0,88,93,60,78,85,90,81,0,72,0,83,86,92,83,69,86,62,74,0,91,73
0,89,0,0,91,82,0,0,76,94,0,0,86,0,96,91,75,99,0,0,0,0,0,86,83
60,51,77,0,62,60,45,65,62,79,66,0,31,0,55,53,47,75,77,0,47,60,0,43,46
79,79,0,86,0,83,74,87,70,97,84,84,74,60,86,73,91,0,67,96,78,83,91,82,76
90,93,72,0,0,0,71,92,77,94,82,0,86,0,94,91,95,88,85,0,73,87,0,91,93
70,61,0,69,0,73,60,82,61,0,66,68,70,70,78,73,83,64,79,76,78,70,63,73,68
93,92,86,0,95,94,89,89,82,91,86,0,87,0,96,92,73,91,84,98,86,96,0,86,88
0,94,69,0,90,91,0,0,85,94,0,0,87,0,93,96,94,96,0,0,0,0,0,85,81
0,83,73,0,0,0,0,0,86,94,0,0,95,0,98,92,97,96,0,0,0,0,0,88,97
0,83,83,0,82,72,0,0,67,82,0,0,76,0,63,76,100,92,0,0,0,0,0,80,68
0,90,0,0,82,91,0,0,87,97,0,0,94,0,88,93,76,99,0,0,0,0,0,87,82
0,81,88,0,92,84,0,0,76,93,0,0,71,0,68,89,100,85,0,0,0,0,0,79,63
0,82,87,0,70,77,0,0,70,0,0,0,55,0,77,75,83,83,0,0,0,0,0,75,75
0,0,80,0,86,80,0,0,64,95,0,0,92,0,71,91,87,92,0,0,0,0,0,87,82
76,75,77,0,83,95,70,79,61,73,83,0,65,0,70,81,93,82,80,0,76,79,0,78,85
83,77,81,0,0,92,72,79,90,90,83,0,79,0,79,79,98,92,84,90,83,82,0,70,81
0,0,0,0,73,77,0,0,0,0,0,0,0,0,0,0,66,85,0,0,0,0,0,88,80
90,95,0,80,0,0,81,85,95,0,72,90,94,92,97,88,88,0,97,94,88,89,68,86,97
87,0,0,0,0,0,60,86,72,0,60,82,0,74,62,0,0,0,91,0,73,76,78,0,0
86,86,0,0,0,72,80,94,87,0,75,0,88,85,87,88,80,85,90,0,69,91,70,76,84
0,35,69,0,63,85,0,0,10,0,0,0,14,0,40,47,60,60,0,0,0,0,0,60,0
0,89,0,79,0,97,83,86,89,96,74,0,91,88,86,89,91,0,74,87,86,84,62,92,88
0,80,75,0,87,77,72,78,75,96,78,0,72,0,77,80,87,69,74,80,76,68,0,69,74
0,94,81,0,85,70,0,0,81,91,0,0,95,0,91,94,90,96,0,0,0,0,0,90,90
71,0,0,0,0,0,0,0,62,65,60,61,0,0,64,0,0,0,68,0,0,60,60,0,0
87,95,0,79,0,67,78,92,85,0,78,93,87,67,99,88,87,95,89,87,91,89,78,90,96
91,95,0,84,0,91,81,86,82,98,82,90,84,98,90,87,93,94,88,89,77,77,89,94,90
89,96,0,76,0,0,80,87,83,99,89,0,90,93,97,89,98,93,87,92,89,90,84,0,0
96,100,83,0,0,0,91,97,88,95,87,0,96,0,100,99,98,99,89,0,92,94,0,93,97
92,0,77,0,74,82,80,83,73,0,83,0,73,0,79,83,87,93,80,66,83,75,0,85,75
0,0,0,0,0,0,0,0,0,0,0,0,0,0,0,67,0,60,0,0,0,0,0,0,0
0,86,0,80,0,86,74,87,75,0,62,0,76,89,83,0,77,89,79,76,67,78,83,0,0
60,95,0,0,0,86,80,60,93,95,76,94,91,86,91,91,92,97,77,85,76,69,87,86,89
0,0,0,0,78,66,0,0,0,0,0,0,0,0,0,0,62,83,0,0,0,0,0,75,66
64,61,0,77,0,60,60,62,75,0,67,71,60,66,72,64,87,71,85,0,60,60,63,69,69
0,80,0,0,0,84,0,0,81,93,0,0,70,0,82,88,99,0,0,0,0,0,0,0,68
75,83,80,0,0,0,0,90,77,0,67,0,80,0,82,84,0,96,82,0,91,84,0,77,89
76,92,80,0,82,90,72,84,83,0,80,0,83,0,86,83,91,89,85,0,78,68,0,85,82
0,54,0,0,0,39,20,37,63,0,20,0,40,0,50,74,83,74,0,73,20,68,45,81,62
0,85,0,0,91,64,76,80,80,84,82,0,77,0,90,88,94,81,71,0,81,89,0,83,77
88,84,80,0,73,80,90,84,80,91,83,0,76,0,79,93,72,87,82,0,77,87,0,75,71
0,0,0,0,79,85,0,0,0,0,0,0,0,0,0,0,99,99,0,0,0,0,0,92,93
88,71,82,0,90,74,82,78,80,78,83,0,82,0,64,69,94,83,80,89,83,81,0,78,67
0,79,0,79,0,78,73,78,70,93,80,81,75,83,77,78,72,79,85,78,70,82,91,82,80
94,94,0,89,0,0,92,93,89,100,95,99,78,100,80,88,96,89,82,0,97,96,84,0,0
88,84,0,81,0,88,71,80,78,77,67,0,85,90,70,70,89,93,82,0,61,62,86,76,82
90,90,0,76,0,77,88,93,89,0,93,0,83,74,76,86,89,95,90,99,99,95,91,83,88
91,89,69,0,85,81,69,94,80,87,78,0,81,0,85,79,82,78,73,89,88,83,0,86,71
0,0,78,0,88,88,0,0,0,0,0,0,0,0,0,0,92,92,0,0,0,0,0,84,79
0,62,0,0,0,0,31,0,27,62,0,0,26,65,76,62,0,12,65,0,0,0,0,63,65
0,96,0,0,87,86,88,94,90,94,90,0,92,0,92,94,81,95,91,98,92,94,0,90,91
0,0,0,0,85,71,0,0,0,0,0,0,0,0,0,0,99,99,0,0,0,0,0,92,95
67,76,83,0,90,85,63,66,77,0,80,0,84,0,83,81,92,80,0,69,80,60,0,90,82
91,84,0,81,0,85,81,83,89,0,77,85,73,70,83,87,90,83,85,84,91,92,83,78,83
89,96,84,0,82,91,91,92,89,91,92,0,89,0,94,96,94,93,89,95,88,93,82,78,86
74,58,0,85,0,67,62,69,72,0,69,68,60,63,60,66,78,60,75,0,63,61,73,67,61
91,97,0,78,0,0,82,87,76,0,83,96,90,88,93,97,97,97,99,96,92,89,80,92,95
0,68,0,73,0,77,62,83,73,0,68,82,63,61,61,73,90,77,87,78,76,61,68,71,61
0,71,79,0,82,71,0,0,75,85,0,0,64,0,66,71,77,84,0,0,0,0,0,77,73
96,94,0,0,0,92,86,91,91,95,93,0,97,93,93,0,83,96,90,98,99,97,85,0,0
82,84,0,89,0,77,70,87,81,0,74,93,86,85,77,91,96,85,76,98,79,90,69,81,75
95,94,0,82,0,86,88,93,94,100,93,0,96,98,98,93,99,94,79,90,88,93,91,95,94
0,83,0,0,0,0,69,78,0,0,66,0,74,0,66,87,0,85,84,79,58,60,0,0,0
91,94,0,87,0,92,90,90,92,0,78,90,92,85,96,91,96,94,90,95,97,95,90,91,92
93,91,83,0,0,85,79,93,92,94,84,0,89,0,92,89,100,90,84,0,97,95,0,88,99
0,77,0,0,0,0,0,0,66,0,0,0,0,85,84,0,0,0,0,0,0,0,0,0,0
0,79,79,0,78,88,0,0,61,91,0,0,69,0,81,85,86,94,0,0,0,0,0,87,76
89,92,72,0,0,0,85,87,86,96,82,0,89,0,87,86,92,83,82,95,84,78,0,90,94
86,70,0,91,0,92,69,86,82,0,80,88,87,73,81,73,86,77,96,93,85,77,83,72,72
82,71,0,79,0,71,79,76,69,0,70,81,75,60,63,69,88,84,87,92,74,75,78,86,76
0,0,0,0,87,79,0,0,0,0,0,0,0,0,0,0,95,93,0,0,0,0,0,92,93
93,96,0,74,0,96,88,84,92,0,83,95,92,91,87,95,100,0,67,0,92,88,85,93,95
0,81,80,0,66,89,87,92,75,0,81,0,76,0,83,94,67,81,80,87,84,95,0,88,77
90,76,0,66,0,81,83,87,83,86,66,0,77,80,90,66,77,81,81,0,72,80,81,81,84
0,73,0,79,0,94,81,84,70,80,80,0,76,85,70,75,83,78,79,70,69,77,78,69,84
81,76,78,0,89,91,85,85,83,95,85,0,80,0,75,76,82,74,86,95,85,92,0,77,70
0,0,0,0,81,83,0,0,0,0,0,0,0,0,0,0,99,86,0,0,0,0,0,91,90
80,80,0,78,0,71,76,78,77,0,72,79,81,82,83,73,88,91,79,76,62,77,80,67,90
0,80,0,0,0,0,0,81,80,85,67,0,0,63,78,0,0,0,0,0,0,81,80,0,0
66,60,0,78,0,72,75,63,77,78,69,76,60,60,61,69,86,67,79,0,84,70,68,73,68
88,73,0,80,0,65,77,83,63,87,72,81,71,82,87,82,88,79,87,95,88,75,75,78,73
0,94,72,0,91,92,0,0,75,95,0,0,91,0,80,92,94,90,0,0,0,0,0,73,88
0,83,85,0,91,73,0,0,76,0,0,0,73,0,81,86,100,90,0,0,0,0,0,79,86
0,0,76,0,80,91,0,0,0,0,0,0,0,0,0,0,95,88,0,0,0,0,0,81,90
83,74,0,78,0,80,76,78,80,0,75,0,85,78,75,72,85,78,88,0,69,85,81,74,75
86,87,0,75,0,75,79,85,80,90,80,84,85,77,94,75,89,91,93,0,86,83,84,77,88
89,94,0,81,0,0,74,86,84,93,76,81,79,85,74,84,95,90,89,0,86,84,70,0,0
92,72,0,74,0,75,63,74,82,75,72,78,85,84,86,80,70,70,79,91,87,70,64,70,72
0,0,76,0,93,92,0,0,0,0,0,0,0,0,0,0,99,100,0,0,0,0,0,93,95
0,0,71,0,67,80,0,0,0,0,0,0,0,0,0,0,60,75,0,0,0,0,0,63,75
87,100,83,0,92,95,80,85,85,94,83,0,88,0,95,92,99,90,74,86,76,83,0,82,93
90,91,0,71,0,84,80,89,88,0,88,91,91,88,93,95,90,90,87,0,94,92,84,85,91
0,77,0,74,0,60,60,78,74,67,60,0,62,76,80,71,79,84,80,74,65,60,73,86,93
0,0,70,0,74,73,0,0,0,0,0,0,0,0,0,0,76,60,0,0,0,0,0,78,75
0,97,0,0,0,98,0,0,0,94,0,0,94,0,91,91,97,95,0,0,0,0,0,78,93
0,93,80,0,91,96,0,0,84,89,0,0,94,0,99,93,99,97,0,0,0,0,0,89,93
0,97,0,87,0,96,87,96,83,0,74,98,93,99,94,88,98,96,85,91,86,89,83,95,99
81,68,0,0,0,0,65,88,83,0,66,0,65,78,69,74,0,78,77,93,74,72,61,0,0
93,85,0,82,0,88,83,94,76,95,75,88,88,90,93,79,93,83,80,0,90,86,90,84,83
68,83,0,80,0,0,64,80,80,0,79,77,70,76,78,85,93,80,80,0,83,76,72,0,0
82,78,78,0,78,71,77,83,74,94,79,0,75,0,74,80,85,68,87,0,84,81,0,74,78
86,75,0,74,0,67,61,86,73,91,66,0,64,74,62,72,78,84,79,0,68,74,81,63,23
87,76,0,0,86,78,84,75,83,83,76,0,74,0,76,67,77,83,71,86,76,75,0,83,85
0,89,0,0,80,91,0,0,84,93,0,0,82,0,90,83,97,94,0,0,0,0,0,85,70
0,0,0,0,79,77,0,0,0,0,0,0,0,0,0,0,92,88,0,0,0,0,0,86,82
93,98,0,0,93,98,71,85,95,94,94,0,97,0,100,94,94,88,93,88,85,92,0,88,88
0,84,0,76,0,80,70,77,79,96,72,0,81,76,77,85,79,93,62,74,66,84,61,81,76
69,76,0,77,0,64,60,67,60,0,60,65,73,63,68,69,78,61,85,0,62,64,67,69,65
86,80,0,77,0,82,85,89,87,87,85,91,81,82,74,87,94,83,88,99,88,93,89,76,69
71,65,0,0,0,65,60,64,60,0,61,78,72,67,63,70,0,86,79,71,70,60,79,0,0
0,0,83,0,78,94,0,0,0,0,0,0,0,0,0,0,88,94,0,0,0,0,0,84,85
0,85,0,76,0,61,65,82,79,0,67,0,74,97,81,78,73,87,80,80,68,69,78,72,96
0,65,0,0,0,72,60,60,0,0,0,0,0,72,65,60,0,0,0,0,78,69,0,0,0
0,96,86,0,89,76,88,98,89,96,85,0,95,98,94,0,97,93,84,94,89,96,0,84,91
95,84,0,77,0,75,73,90,87,0,75,92,83,91,95,70,74,86,87,88,83,87,83,72,89
0,86,84,0,82,92,0,0,78,92,0,0,80,0,91,90,90,94,0,0,0,0,0,82,80
97,82,0,0,0,86,78,87,69,94,88,83,68,76,67,77,96,75,77,99,93,88,80,78,79
72,97,0,0,0,80,60,63,60,0,66,65,60,85,72,60,60,67,81,0,63,63,70,70,60
0,0,0,0,77,88,0,0,0,0,0,0,0,0,0,0,69,92,0,0,0,0,0,88,69
76,78,0,76,0,72,79,86,76,85,74,81,73,65,79,66,94,81,79,94,89,81,70,80,79
83,81,0,74,0,74,71,82,84,95,76,91,80,90,81,75,63,75,79,96,77,78,72,82,90
86,83,0,79,0,78,75,78,80,0,72,80,87,85,77,82,88,75,93,90,90,82,81,73,68
89,89,84,0,88,90,92,88,89,90,91,0,86,0,88,89,83,91,90,93,80,93,0,81,73
70,62,0,0,70,62,72,60,66,84,67,0,60,0,60,66,68,60,80,82,64,63,0,61,69
0,0,80,0,82,78,0,0,0,0,0,0,0,0,0,0,99,88,0,0,0,0,0,88,69
77,74,0,77,0,80,76,80,82,0,73,81,83,79,85,77,93,80,88,76,86,68,65,67,71
0,0,81,0,86,93,0,0,0,0,0,0,0,0,0,0,94,100,0,0,0,0,0,97,97
0,89,72,0,78,81,0,0,64,86,0,0,88,0,86,89,88,87,0,0,0,0,0,85,85
0,0,0,0,86,81,0,0,0,0,0,0,0,0,0,0,81,89,0,0,0,0,0,86,91
0,85,85,0,84,93,61,78,65,90,76,0,73,0,90,76,91,85,84,0,72,88,0,89,87
47,34,0,0,71,70,42,51,28,0,31,0,30,0,52,41,66,60,86,0,47,0,0,64,0
0,81,73,0,0,0,66,85,65,93,72,0,74,0,74,73,88,77,82,85,79,73,0,85,81
0,0,79,0,67,91,0,0,0,0,0,0,0,0,0,0,90,85,0,0,0,0,0,84,70
0,0,81,0,74,74,0,0,0,0,0,0,0,0,0,0,85,81,0,0,0,0,0,65,71
78,73,0,72,0,75,70,67,60,0,67,0,68,81,80,75,89,80,89,73,63,60,68,86,87
88,76,0,87,0,84,67,87,85,0,87,90,86,82,85,69,95,82,83,0,79,84,86,69,69
0,67,72,0,86,91,72,78,73,0,75,0,64,0,68,73,99,73,74,82,61,68,60,75,64
0,73,70,0,74,84,0,0,82,84,0,0,69,0,77,78,91,87,0,0,0,0,0,75,71
0,0,0,0,65,77,0,0,0,0,0,0,0,0,0,0,0,79,0,0,0,0,0,83,75
79,82,77,0,84,87,86,92,65,82,84,0,91,0,92,88,78,87,84,0,73,81,85,78,77
68,87,0,76,0,0,72,80,90,96,74,89,70,89,76,81,89,86,80,92,67,75,79,0,0
0,0,0,0,85,90,0,0,0,0,0,0,0,0,0,0,100,99,0,0,0,0,0,93,88
68,82,0,0,94,68,0,77,71,92,68,0,71,0,79,80,75,86,73,60,70,70,0,80,84
0,0,82,0,83,91,0,0,0,0,0,0,0,0,0,0,97,100,0,0,0,0,0,98,94
83,74,0,58,0,77,67,66,64,0,67,80,60,66,60,63,89,73,76,80,74,75,65,65,66
0,0,0,0,0,0,0,0,0,0,0,0,0,0,0,72,0,60,0,0,0,0,0,0,0
0,0,0,0,85,87,0,0,0,0,0,0,0,0,0,0,87,91,0,0,0,0,0,90,66
0,60,0,87,0,75,63,0,67,0,62,79,73,73,62,78,77,75,87,71,67,60,60,72,69
0,86,77,0,88,80,0,0,83,92,0,0,85,0,83,90,93,91,0,0,0,0,0,78,89
0,0,0,0,85,91,0,0,0,0,0,0,0,0,0,0,94,98,0,0,0,0,0,94,71
78,78,0,0,0,90,77,78,73,97,71,85,71,69,74,92,97,82,60,0,88,77,73,83,82
71,71,0,82,0,81,70,60,61,81,62,0,60,64,67,71,85,76,65,72,62,68,66,72,69
84,91,0,0,0,0,81,88,83,82,87,0,89,0,84,82,99,84,85,91,69,84,0,96,87
91,81,0,0,0,87,79,82,82,97,81,0,77,78,76,84,90,86,72,0,86,72,80,80,83
82,78,82,0,87,62,74,82,77,94,74,0,81,0,80,87,84,76,71,86,60,86,0,86,69
0,81,0,0,86,87,0,0,77,91,0,0,87,0,73,88,86,92,0,0,0,0,0,88,81
77,90,73,0,73,84,64,77,79,85,76,0,75,0,90,84,80,83,77,82,69,69,0,78,80
0,94,0,0,82,88,0,0,82,92,0,0,86,0,76,91,82,90,0,0,0,0,0,85,80
60,64,0,74,0,82,73,81,76,85,71,78,61,60,70,66,90,78,82,0,66,71,62,61,74
89,83,0,83,0,83,72,85,80,0,75,86,92,85,67,75,87,96,82,83,80,75,75,86,77
0,88,0,0,90,74,0,0,0,91,0,0,0,0,64,72,69,96,0,0,0,0,0,81,71
0,94,80,0,91,92,0,0,87,90,0,0,97,0,84,93,99,100,0,0,0,0,0,89,87
0,61,69,0,72,81,80,85,73,82,83,0,62,0,68,72,92,68,83,0,74,70,0,75,78
87,0,0,79,0,71,81,95,91,97,86,0,74,96,81,89,95,82,82,92,83,82,80,91,77
0,0,71,0,0,0,0,0,0,0,0,0,0,0,0,0,0,90,0,0,0,0,0,85,84
0,85,0,80,0,91,78,81,68,0,76,85,73,94,77,90,88,94,87,79,84,80,80,80,87
79,91,77,0,95,86,84,81,82,88,84,0,87,0,98,87,99,87,83,0,77,80,0,79,76
83,95,82,0,0,0,88,90,89,89,91,0,97,0,99,92,98,91,93,0,78,84,0,90,91
0,89,0,0,0,93,83,86,82,0,74,0,93,96,87,0,85,95,83,85,83,70,91,0,0
94,74,0,78,0,94,78,85,82,0,83,78,91,84,87,77,90,79,85,0,81,80,81,64,73
65,0,70,0,70,70,72,60,76,82,71,0,63,0,84,76,76,76,73,71,69,70,0,86,81
78,66,82,0,86,83,65,81,80,91,84,0,84,0,88,81,78,88,82,88,82,75,0,81,85
0,90,85,0,86,87,0,0,79,91,0,0,91,0,80,91,87,96,0,0,0,0,0,93,86
63,63,0,77,0,74,66,68,61,80,60,0,62,70,63,61,82,72,80,77,68,65,73,65,65
0,85,0,0,96,91,0,0,92,91,0,0,84,0,89,92,84,80,0,0,0,0,0,71,84
93,95,0,81,0,93,84,94,79,100,89,85,84,96,84,95,95,93,81,76,92,79,90,91,94
90,72,0,0,87,84,66,86,71,96,81,0,63,0,63,69,90,73,71,0,78,82,0,62,60
0,0,79,0,93,81,67,97,81,94,86,0,87,0,99,92,99,97,92,91,97,85,0,99,96
78,73,0,75,0,63,68,80,82,92,70,78,80,75,77,82,79,81,83,76,71,78,90,82,82
0,90,75,0,0,0,88,82,90,0,78,0,0,0,96,92,100,94,70,86,89,76,0,93,91
0,93,80,0,89,88,0,0,79,90,0,0,91,0,74,91,100,99,0,0,0,0,0,82,84
93,93,0,79,0,82,84,82,85,0,79,0,90,95,88,96,87,91,87,89,75,84,80,97,91
0,0,0,0,71,83,0,0,0,0,0,0,0,0,0,0,75,70,0,0,0,0,0,68,54
88,93,84,0,87,84,91,95,88,91,88,0,92,0,91,86,68,88,87,0,85,89,0,91,87
82,79,0,79,0,70,63,80,77,0,61,0,64,71,67,77,74,82,73,84,75,76,78,77,69
85,70,0,64,0,86,84,72,77,89,69,94,72,67,62,87,73,83,84,88,71,78,62,72,84
71,0,71,0,73,74,61,85,76,0,71,0,75,0,81,74,92,70,84,78,72,63,0,82,66
94,91,0,85,0,93,87,88,87,0,84,90,95,93,93,94,93,96,93,93,88,87,78,95,97
89,91,0,80,0,95,91,94,87,0,83,95,94,97,92,91,91,93,81,0,77,84,91,86,93
92,89,0,80,0,77,87,84,89,90,88,95,74,61,83,89,88,93,91,96,86,86,80,84,87
85,78,0,78,0,71,64,86,80,80,71,88,84,78,74,79,89,95,92,77,68,75,82,94,94
75,83,77,0,80,83,69,86,75,76,81,0,79,0,69,62,75,66,82,0,74,74,0,83,64
98,98,0,80,0,87,93,95,96,0,95,98,97,100,98,94,99,0,77,100,93,92,94,84,83
80,60,0,80,0,68,60,65,64,0,67,74,67,68,67,65,80,72,89,77,60,68,69,66,69
0,96,0,85,0,93,76,0,74,0,0,0,80,97,86,78,0,0,82,0,0,0,0,0,0
0,0,84,0,86,79,0,0,0,0,0,0,0,0,0,0,99,98,0,0,0,0,0,96,95
0,90,0,0,91,95,0,0,78,87,0,0,91,0,85,77,86,86,0,0,0,0,0,72,78
0,80,0,0,0,0,0,0,67,0,0,0,0,66,70,0,0,0,0,0,0,0,0,0,0
0,0,0,0,81,87,0,0,0,0,0,0,0,0,0,0,90,98,0,0,0,0,0,94,91
77,73,0,62,0,77,69,76,60,0,70,82,70,78,74,60,75,76,82,0,64,60,72,79,73
86,87,0,79,0,80,74,90,76,0,78,92,82,94,86,77,90,90,80,0,84,69,63,89,92
68,87,0,0,0,62,65,75,76,87,75,70,69,0,94,64,0,75,80,0,71,60,0,0,0
75,87,0,0,0,80,74,76,0,0,84,93,0,88,78,84,0,0,87,0,80,79,0,0,0
0,83,0,75,0,84,67,82,70,0,67,86,73,88,75,86,92,88,88,83,79,78,82,74,90
76,78,79,0,82,74,0,84,82,72,79,0,65,0,83,87,93,73,76,83,81,71,0,81,68
88,78,75,0,78,91,90,89,89,0,94,0,87,0,94,90,94,95,86,95,84,85,0,78,87
0,95,0,0,0,77,77,87,87,0,81,85,89,92,85,94,85,93,88,86,84,95,96,88,96
0,86,85,0,82,91,0,0,82,93,0,0,90,0,89,94,67,87,0,0,0,0,0,86,80
86,86,76,0,77,88,90,81,83,77,89,0,76,0,83,91,100,85,93,0,84,84,0,81,84
0,74,79,0,82,83,66,66,80,0,77,0,73,0,79,87,95,92,84,62,75,69,0,87,87
71,64,0,0,0,0,76,65,67,0,60,65,52,76,65,78,0,70,70,69,60,61,60,0,0
51,65,0,73,0,70,61,78,77,0,76,66,72,63,76,77,73,60,73,74,87,71,65,60,70
0,0,73,0,76,89,0,0,0,0,0,0,0,0,0,0,98,93,0,0,0,0,0,81,77
90,90,0,86,0,99,82,88,90,0,86,99,97,88,97,93,96,96,83,0,94,85,89,90,90
0,87,70,0,0,0,92,87,85,0,86,0,94,0,97,94,93,92,82,0,78,87,0,89,93
0,99,0,0,0,0,0,0,87,90,0,0,97,0,93,92,99,98,0,0,0,0,0,93,97
0,80,0,0,0,91,70,87,71,0,81,82,79,86,71,78,87,86,90,86,78,79,93,74,82
0,0,78,0,85,93,0,0,0,0,0,0,0,0,0,0,99,96,0,0,0,0,0,79,94
62,0,70,0,67,76,74,83,88,89,73,0,78,0,96,84,83,82,74,78,65,61,0,84,75
90,96,80,0,95,95,81,94,97,0,84,0,87,0,97,95,94,88,91,0,89,95,0,81,93
86,88,0,80,0,0,83,90,81,94,88,86,86,67,76,92,87,0,88,90,70,85,72,82,84
91,88,0,81,0,96,84,83,78,0,84,0,87,93,81,92,93,94,80,83,82,81,89,88,97
0,0,81,0,85,85,0,0,0,0,0,0,0,0,0,0,96,74,0,0,0,0,0,88,77
0,0,0,70,0,0,60,60,60,66,60,60,0,62,60,62,0,0,77,65,60,60,60,70,64
74,0,0,0,0,0,74,83,70,87,65,80,0,83,73,76,0,0,79,82,66,73,77,0,0
77,0,83,0,0,0,88,83,63,78,83,0,76,0,79,65,73,96,81,90,73,86,0,88,84
0,0,0,0,91,92,0,0,0,0,0,0,0,0,0,94,100,97,0,0,0,0,0,91,84
79,86,0,82,0,83,77,72,83,94,79,88,64,87,79,80,90,96,85,73,79,74,67,83,84
0,0,74,0,0,0,0,0,0,0,0,0,0,0,0,0,0,91,0,0,0,0,0,93,90
0,94,74,0,0,0,0,0,72,90,0,0,84,0,76,85,100,90,0,0,0,0,0,83,91
69,76,0,60,0,69,62,75,60,71,66,0,60,64,61,60,83,78,78,65,63,67,70,73,70
80,73,0,77,0,74,70,80,67,0,62,0,78,90,73,69,78,90,90,77,63,70,71,82,78
86,91,0,81,0,80,72,85,85,0,80,85,82,86,73,68,85,74,87,94,90,85,90,68,80
0,0,76,0,83,94,0,0,0,0,0,0,0,0,0,0,100,93,0,0,0,0,0,86,91
72,60,0,79,0,93,73,69,69,0,68,82,73,66,60,80,95,88,80,0,71,75,71,79,62
0,0,84,0,70,0,0,0,0,86,0,0,0,0,28,48,0,34,0,0,0,0,0,45,0
0,81,80,0,87,80,0,0,86,87,0,0,76,0,68,71,89,80,0,0,0,0,0,72,70
82,80,0,0,0,0,0,91,71,75,86,0,84,0,89,81,92,92,87,0,74,87,0,88,79
60,88,0,81,0,81,61,82,81,0,81,80,82,71,84,89,92,88,85,96,68,60,60,80,92
0,93,0,0,90,77,0,0,83,94,0,0,91,0,98,90,84,95,0,0,0,0,0,75,88
65,66,0,0,0,65,60,72,75,88,76,0,79,61,64,62,84,73,81,0,85,76,78,65,63
91,90,0,0,86,93,51,83,79,86,77,0,84,0,88,94,87,89,80,0,71,72,0,74,82
0,0,73,0,77,91,0,0,0,0,0,0,0,0,0,0,95,89,0,0,0,0,0,77,84
0,76,0,0,95,90,0,0,86,91,0,0,80,0,73,86,94,91,0,0,0,0,0,76,80
0,0,70,0,83,65,0,0,0,0,0,0,0,0,0,0,93,96,0,0,0,0,0,89,90
89,82,67,0,82,64,72,73,69,82,84,0,67,0,79,84,92,83,83,87,84,84,0,71,84
0,0,76,0,81,77,0,0,0,0,0,0,0,0,0,0,87,91,0,0,0,0,0,81,73
92,88,0,72,0,92,91,94,87,0,87,0,93,93,95,78,92,93,83,0,94,85,85,84,87
87,97,0,82,0,83,80,87,83,0,82,90,92,86,99,80,93,94,82,95,85,86,82,94,96
0,98,79,0,83,92,0,0,90,94,0,0,93,0,95,92,99,89,0,0,0,0,0,75,78
75,85,0,72,0,84,75,80,86,98,81,92,83,91,83,91,88,0,90,97,72,71,67,83,79
0,77,77,0,82,76,81,88,75,83,82,0,82,0,73,82,79,78,78,84,82,80,0,74,69
0,78,0,0,0,0,0,0,76,0,0,0,0,80,70,0,0,0,0,0,0,67,0,0,0
0,0,81,0,77,88,0,0,0,0,0,0,0,0,0,0,100,96,0,0,0,0,0,93,87
69,74,0,0,0,0,67,65,71,84,71,0,68,65,81,70,0,80,78,73,67,77,68,0,0
0,0,81,0,74,87,69,74,70,81,70,0,60,0,81,74,88,78,71,70,68,65,0,75,77
88,97,73,0,87,90,80,89,92,92,87,0,97,0,97,96,74,96,84,94,80,90,0,91,95
0,77,0,0,0,96,84,92,96,100,83,94,79,94,92,87,95,0,89,0,87,94,74,69,85
90,95,83,0,90,81,78,97,84,92,89,0,92,0,91,91,97,95,86,0,91,93,0,89,91
90,90,0,73,0,77,85,86,85,98,80,90,86,96,89,87,92,87,76,94,82,80,84,91,90
0,86,85,0,85,79,0,0,82,92,0,0,84,0,88,84,97,84,0,0,0,0,0,74,78
75,65,0,79,0,73,74,75,79,88,78,83,63,73,63,77,89,75,76,0,69,78,81,77,72
79,91,0,77,0,75,78,86,86,97,84,90,82,90,83,84,72,84,76,0,89,86,61,81,77
72,82,0,62,0,75,73,71,80,0,74,87,85,77,91,86,92,82,76,87,76,69,69,76,82
0,84,0,0,88,88,0,0,92,97,0,0,86,0,82,90,92,90,0,0,0,0,0,81,84
0,61,90,0,86,93,60,70,75,79,64,0,72,0,84,67,86,65,71,18,65,78,0,0,0
0,0,0,0,92,82,0,0,0,0,0,0,0,0,0,0,95,98,0,0,0,0,0,90,92
70,86,84,0,78,78,69,76,85,79,87,0,82,0,80,80,90,87,69,82,81,74,0,87,79
96,94,0,80,0,89,84,84,86,96,83,89,78,89,93,88,98,90,84,97,90,92,86,93,86
0,85,0,83,0,75,78,86,74,83,81,0,82,88,78,78,83,87,75,74,75,90,93,91,87
53,73,82,0,73,93,61,70,60,91,64,0,47,0,60,64,73,67,70,62,60,60,0,0,0
0,85,0,0,82,85,78,86,60,92,84,0,68,0,78,79,92,75,84,79,91,80,85,82,68
0,91,0,0,83,85,0,0,78,83,0,0,90,0,77,88,93,95,0,0,0,0,0,72,72
0,92,0,79,0,91,86,87,90,97,78,90,82,90,85,86,96,95,78,80,80,72,72,83,85
89,95,0,0,0,0,89,91,93,90,84,0,89,0,92,91,100,93,82,0,81,87,0,84,90
0,75,0,83,0,87,63,82,73,84,74,0,63,78,68,78,91,84,83,85,77,81,79,79,73
88,0,81,0,83,91,79,93,85,87,83,0,88,0,83,89,66,74,87,0,92,89,0,77,67
0,99,77,0,0,0,93,85,98,0,89,0,97,0,99,99,100,99,88,95,89,89,62,97,99
85,89,0,77,0,0,80,89,87,0,85,92,90,78,88,90,87,94,89,96,96,91,85,83,91
0,0,0,0,81,90,0,0,0,0,0,0,0,0,0,0,99,95,0,0,0,0,0,81,82
0,74,0,0,0,78,62,70,62,70,81,0,0,62,60,68,84,69,65,67,67,64,51,68,62
93,90,0,0,0,0,66,89,86,96,75,0,75,84,78,81,99,74,92,0,82,94,80,0,0
89,90,0,0,0,92,89,84,72,0,72,90,83,87,87,79,83,93,85,89,62,77,77,80,87
0,83,76,0,85,81,77,76,82,73,81,0,82,0,71,77,74,82,83,81,62,78,0,76,73
76,68,0,81,0,76,65,78,72,0,66,63,60,60,75,74,88,82,78,0,60,70,74,79,69
89,79,0,0,0,79,84,91,74,0,75,92,86,94,83,99,93,89,86,0,86,84,79,91,91
86,93,83,0,80,90,79,89,88,91,85,0,93,0,94,95,67,92,82,0,82,83,0,83,85
90,89,81,0,86,84,86,91,83,0,83,0,75,0,89,81,86,84,90,0,88,96,0,79,91
0,64,84,0,74,75,0,0,62,81,0,0,49,0,49,69,68,67,0,0,0,0,0,60,53
0,99,83,0,75,72,78,87,87,0,82,0,95,0,97,89,87,91,86,84,82,87,74,92,93
0,86,0,84,0,82,75,87,69,0,82,0,78,74,84,75,99,78,93,82,86,84,84,80,83
89,93,0,0,88,92,65,94,88,98,89,0,91,0,88,91,90,91,91,94,94,86,0,87,88
0,0,0,0,0,0,0,0,66,0,69,0,0,58,63,0,0,0,0,0,0,60,74,0,0
0,75,81,0,87,87,70,64,72,83,73,0,75,0,84,80,84,82,77,88,67,74,0,87,81
0,0,85,0,88,94,0,0,0,0,0,0,0,0,0,0,97,95,0,0,0,0,0,94,83
0,0,85,0,77,82,0,0,0,0,0,0,0,0,0,0,75,96,0,0,0,0,0,95,91
86,79,0,84,0,77,74,83,73,0,76,81,83,87,70,77,0,72,90,85,83,73,83,0,0
0,0,88,0,82,0,0,0,0,0,0,0,0,0,0,0,0,74,0,0,0,0,0,72,84
87,73,0,0,0,0,60,76,60,70,67,51,71,68,82,69,0,65,71,62,60,76,67,79,75
91,92,79,0,91,75,69,84,93,0,82,0,80,0,87,86,90,93,80,96,89,84,85,81,90
0,0,81,0,0,0,0,0,0,0,0,0,0,0,0,0,0,97,0,0,0,0,0,87,80
93,94,0,79,0,96,88,92,87,98,90,0,92,96,95,91,94,97,88,93,89,88,90,90,97
0,0,63,0,70,71,0,0,0,0,0,0,0,0,0,0,98,82,0,0,0,0,0,76,64
60,62,0,80,0,72,62,63,71,0,60,65,61,63,60,72,83,60,85,73,78,61,65,62,63
89,89,0,0,76,86,75,85,78,86,84,0,83,0,70,90,62,92,80,94,85,86,0,82,81
0,93,0,0,87,0,0,0,87,92,0,0,80,0,79,90,0,94,0,0,0,0,0,0,0
66,93,0,71,0,97,83,71,90,0,88,0,87,94,96,93,0,0,82,87,81,77,64,96,92
0,0,0,75,0,79,77,83,71,97,67,89,80,85,80,71,70,91,80,78,70,62,74,81,72
0,73,0,62,0,76,60,61,68,0,61,84,61,69,63,90,87,88,79,69,71,61,67,77,82
75,89,83,0,84,96,61,87,80,78,81,0,87,0,85,90,78,91,73,90,68,74,0,80,82
0,91,83,0,84,91,0,0,71,91,0,0,83,0,86,89,100,90,0,0,0,0,0,84,87
77,94,77,0,76,90,66,93,89,92,78,0,82,0,85,75,79,74,69,88,88,83,0,82,74
81,87,0,0,73,80,0,84,76,0,85,0,78,0,89,78,87,88,84,0,73,80,0,82,88
0,71,0,78,0,65,69,70,60,78,68,0,72,79,75,60,77,86,78,74,65,77,72,78,73
0,0,0,0,0,0,0,0,0,0,76,0,0,0,84,0,0,0,0,0,0,0,0,0,0
0,80,0,73,0,60,60,80,64,67,68,0,60,80,72,78,80,85,80,63,79,67,71,86,87
0,75,0,74,0,79,83,80,88,0,77,75,87,98,92,76,77,84,80,78,77,73,89,87,87
53,30,0,0,69,80,39,55,60,0,40,0,35,0,70,60,60,62,86,0,49,45,0,61,45
91,0,0,0,0,94,81,77,80,94,72,87,61,86,71,83,91,71,80,92,78,76,78,0,0
89,83,72,0,81,60,73,77,79,90,85,0,75,0,81,84,72,80,84,86,80,86,72,80,74
0,86,85,0,88,91,0,0,87,92,0,0,81,0,77,82,100,80,0,0,0,0,0,68,77
0,93,84,0,90,81,85,96,81,88,85,0,0,0,93,80,92,79,76,79,82,92,0,83,86
0,0,0,0,87,80,0,0,0,0,0,0,0,0,0,0,90,88,0,0,0,0,0,87,88
90,89,0,91,0,81,81,84,90,0,86,96,96,90,98,89,94,94,88,91,90,80,85,94,80
67,63,0,76,0,64,75,66,60,0,68,69,67,65,60,64,67,63,79,79,68,64,60,63,69
85,95,71,0,0,0,76,96,89,94,87,0,88,0,97,92,97,83,80,88,92,89,0,74,90
81,88,0,78,0,60,74,84,84,100,73,90,84,96,75,85,98,0,65,88,81,85,76,84,80
0,62,0,76,0,60,62,88,71,0,74,87,85,84,74,83,86,76,84,81,93,77,78,77,74
79,70,0,85,0,87,62,79,70,0,75,77,81,65,76,69,90,87,78,81,71,66,76,72,72
42,63,0,88,0,70,65,60,60,0,69,72,60,68,67,70,80,62,78,67,60,64,68,64,60
85,0,84,0,90,83,74,85,77,80,78,0,79,0,92,89,88,89,82,0,71,80,0,88,81
0,0,74,0,85,72,0,0,0,0,0,0,0,0,0,0,100,100,0,0,0,0,0,84,91
78,70,0,0,93,91,75,96,69,0,82,0,66,0,70,70,94,65,87,85,74,77,0,75,60
0,87,0,0,92,86,0,0,91,96,0,0,79,0,83,95,99,90,0,0,0,0,0,81,79
91,94,74,0,0,0,87,99,92,92,88,0,91,0,93,92,100,84,97,90,89,94,0,87,92
87,83,0,0,70,75,80,82,83,84,84,0,81,0,89,88,77,79,82,83,79,86,0,78,78
0,0,0,0,0,0,0,0,89,0,78,0,0,0,81,0,0,0,0,0,0,0,78,0,0
60,86,0,83,0,65,70,60,87,91,77,88,86,81,91,95,96,83,84,93,60,60,80,73,86
73,71,0,73,0,60,61,77,73,0,65,0,67,78,70,60,76,72,87,72,61,75,71,66,66
70,77,0,72,0,93,61,74,80,97,76,87,75,87,75,81,97,90,69,78,66,64,68,85,83
0,95,76,0,78,77,0,0,87,95,0,0,93,0,94,91,96,90,0,0,0,0,0,80,89
89,88,0,0,0,97,85,89,70,0,92,89,77,68,75,94,100,0,66,82,90,64,78,63,76
0,0,0,0,0,0,0,0,0,0,0,0,0,0,0,0,0,0,0,0,0,0,0,0,0
0,92,0,67,0,86,74,87,83,0,85,88,73,89,85,91,93,0,83,88,88,85,85,89,92
0,0,0,0,93,95,0,0,0,0,0,0,0,0,0,0,90,99,0,0,0,0,0,97,97
77,89,0,68,0,62,77,79,84,0,84,0,69,90,84,60,78,80,86,0,81,77,77,73,78
0,70,0,0,83,81,0,0,79,0,0,0,61,0,65,86,99,96,0,0,0,0,0,77,73
0,94,0,0,0,91,81,93,74,0,87,94,96,98,94,89,90,98,81,80,92,87,71,97,100
75,61,0,0,0,84,66,78,60,83,67,0,76,64,71,74,79,67,79,65,60,60,66,70,84
0,92,0,82,0,0,65,88,86,0,83,88,81,86,96,89,94,0,77,90,88,87,82,89,93
0,86,0,0,0,86,72,73,0,0,0,0,0,71,80,82,0,0,96,0,76,74,0,0,0
0,85,0,0,91,91,0,0,68,92,0,0,67,0,63,77,79,90,0,0,0,0,0,74,79
0,0,65,0,73,92,0,0,0,0,0,0,0,0,0,0,84,90,0,0,0,0,0,80,86
0,85,77,0,60,92,69,80,71,94,81,0,79,0,82,72,77,69,74,86,81,79,0,81,77
84,81,0,80,0,74,68,83,90,95,78,89,69,84,66,85,81,87,66,83,84,80,80,80,76
81,87,85,0,84,80,0,88,70,86,82,0,75,0,60,81,80,77,82,0,80,87,0,81,83
0,87,0,75,0,92,84,83,82,78,81,81,83,90,83,81,86,90,80,82,68,90,89,90,96
0,79,78,0,0,90,0,0,0,94,0,0,0,0,82,87,98,92,0,0,0,0,0,79,84
90,87,0,83,0,82,85,91,78,0,80,88,77,79,82,79,92,88,85,0,83,86,84,83,91
0,0,78,0,80,87,0,0,64,95,0,0,80,0,71,92,98,93,0,0,0,0,0,87,79
0,93,72,0,92,90,0,0,76,97,0,0,97,0,76,89,93,90,0,0,0,0,0,84,81
0,78,0,0,0,80,70,88,67,78,75,0,83,90,70,60,85,81,80,78,81,83,83,68,84
0,90,0,0,86,85,0,0,77,91,0,0,84,0,87,84,98,96,0,0,0,0,0,81,83
0,78,0,0,72,90,0,0,79,88,0,0,69,0,66,63,94,91,0,0,0,0,0,72,81
71,62,0,81,0,72,67,83,63,0,69,81,80,79,80,69,91,80,79,0,80,74,73,74,65
78,86,0,82,0,88,81,87,72,95,81,92,78,88,81,87,76,82,76,81,79,86,72,87,82
86,84,77,0,88,82,79,82,80,0,70,0,88,0,80,87,88,79,81,79,64,91,0,81,86
