-200,2019-03-18 17:52:20.000000,2186113485,5,饮食中心\西交大本部校区\梧桐苑,砂锅,48
-14,2019-03-19 20:18:00.000000,2186113485,4,饮食中心\西交大本部校区\温泉浴室,,1
-2,2019-03-19 20:03:00.000000,2186113485,4,饮食中心\西交大本部校区\温泉浴室,,1
-1000,2019-03-20 18:42:50.000000,2186113485,5,饮食中心\西交大本部校区\康桥苑外包商户,砂锅饺子,97
-1200,2019-04-05 12:48:13.000000,2186113485,5,饮食中心\西交大本部校区\康桥苑外包商户,泡馍组,78
-1000,2019-03-23 12:30:21.000000,2186113485,5,饮食中心\西交大本部校区\康桥苑外包商户,煲仔饭组,61
-100,2019-03-23 20:14:13.000000,2186113485,3,东九梦婷商店\\,东九梦婷商店,6
-1400,2019-03-25 18:47:35.000000,2186113485,5,饮食中心\西交大本部校区\康桥苑外包商户,泡馍组,78
-20,2019-03-27 20:00:00.000000,2186113485,4,饮食中心\西交大本部校区\温泉浴室,,1
-2,2019-03-27 19:45:00.000000,2186113485,4,饮食中心\西交大本部校区\温泉浴室,,1
-2,2019-03-27 19:47:00.000000,2186113485,4,饮食中心\西交大本部校区\温泉浴室,,1
-2,2019-03-27 19:45:00.000000,2186113485,4,饮食中心\西交大本部校区\温泉浴室,,1
-18,2019-03-27 20:05:00.000000,2186113485,4,饮食中心\西交大本部校区\温泉浴室,,1
-60,2019-03-30 17:44:04.000000,2186113485,5,饮食中心\西交大本部校区\学生三食堂,包子组,260
-350,2019-04-01 18:01:32.000000,2186113485,5,饮食中心\西交大本部校区\梧桐苑,面食,58
-900,2019-04-01 11:10:14.000000,2186113485,5,饮食中心\西交大本部校区\康桥苑外包商户,火锅米线,35
-450,2019-04-01 11:14:29.000000,2186113485,5,饮食中心\西交大本部校区\康桥苑外包商户,麦香馅饼,34
-2,2019-04-02 19:25:00.000000,2186113485,4,饮食中心\西交大本部校区\温泉浴室,,1
-28,2019-04-02 19:29:00.000000,2186113485,4,饮食中心\西交大本部校区\温泉浴室,,1
-200,2019-04-02 13:24:39.000000,2186113485,3,东九梦婷商店\\,东九梦婷商店,6
-200,2019-04-03 21:36:03.000000,2186113485,3,东九梦婷商店\\,东九梦婷商店,6
-600,2019-04-05 13:21:59.000000,2186113485,3,服务中心\西交大本部校区\康桥商贸,复印A,295
-500,2019-04-08 12:17:30.000000,2186113485,5,饮食中心\西交大本部校区\兴庆校区外包商户,水吧,82
-400,2019-04-08 12:07:23.000000,2186113485,5,饮食中心\西交大本部校区\兴庆校区外包商户,户县软面组,78
-60,2019-04-11 11:01:07.000000,2186113485,5,饮食中心\西交大本部校区\学生三食堂,包子组,260
-1200,2019-04-11 10:59:55.000000,2186113485,5,饮食中心\西交大本部校区\康桥苑外包商户,泡馍组,78
-420,2019-04-14 12:29:22.000000,2186113485,5,饮食中心\西交大本部校区\学生三食堂,菜1,225
-20,2019-04-15 18:16:33.000000,2186113485,5,饮食中心\西交大本部校区\梧桐苑,面食,241
-12,2019-04-16 15:05:00.000000,2186113485,4,饮食中心\西交大本部校区\温泉浴室,,1
-200,2019-04-16 19:27:35.000000,2186113485,3,东九梦婷商店\\,东九梦婷商店,6
-1000,2019-04-17 11:07:45.000000,2186113485,5,饮食中心\西交大本部校区\康桥苑外包商户,煲仔饭组,61
-350,2019-04-18 17:08:11.000000,2186113485,5,饮食中心\西交大本部校区\梧桐苑,面食,241
-350,2019-04-18 17:08:16.000000,2186113485,5,饮食中心\西交大本部校区\梧桐苑,面食,241
-400,2019-04-19 18:29:06.000000,2186113485,5,饮食中心\西交大本部校区\康桥苑外包商户,麦香馅饼,154
-1000,2019-04-20 16:08:00.000000,2186113485,5,饮食中心\西交大本部校区\康桥苑外包商户,砂锅饺子,97
-200,2019-04-20 16:08:11.000000,2186113485,5,饮食中心\西交大本部校区\康桥苑外包商户,新疆抓饭,2
-8,2019-04-20 20:43:00.000000,2186113485,4,饮食中心\西交大本部校区\温泉浴室,,1
-26,2019-04-20 20:48:00.000000,2186113485,4,饮食中心\西交大本部校区\温泉浴室,,1
-1500,2019-04-21 12:36:35.000000,2186113485,5,饮食中心\西交大本部校区\康桥苑外包商户,饸烙面,152
-1200,2019-04-22 11:03:38.000000,2186113485,5,饮食中心\西交大本部校区\康桥苑外包商户,泡馍组,78
-150,2019-04-23 16:03:03.000000,2186113485,3,东九梦婷商店\\,东九梦婷商店,6
-1200,2019-04-25 12:01:14.000000,2186113485,3,东九梦婷商店\\,东九梦婷商店,6
-500,2019-04-06 18:51:04.000000,2186113485,3,东九绿色水果店\\,东九绿色水果店,121
-650,2019-04-07 18:28:01.000000,2186113485,5,饮食中心\西交大本部校区\康桥苑外包商户,苗家掉渣饼组,4
-1000,2019-04-07 18:27:18.000000,2186113485,5,饮食中心\西交大本部校区\康桥苑外包商户,砂锅饺子,8
-200,2019-04-07 18:28:51.000000,2186113485,5,饮食中心\西交大本部校区\康桥苑外包商户,新疆抓饭,2
-1100,2019-04-30 18:35:09.000000,2186113485,5,饮食中心\西交大本部校区\康桥苑外包商户,五谷鱼粉组,291
-50,2019-04-27 17:50:53.000000,2186113485,5,饮食中心\西交大本部校区\东苑餐厅,快餐组,281
-100,2019-04-29 11:31:06.000000,2186113485,5,饮食中心\西交大本部校区\学生四食堂,冷饮组,97
-400,2019-05-10 18:01:52.000000,2186113485,3,温泉干水洗服务部\\,交大温泉干水洗服务部,120
-2,2019-05-05 19:22:00.000000,2186113485,4,饮食中心\西交大本部校区\温泉浴室,,1
-26,2019-05-05 19:26:00.000000,2186113485,4,饮食中心\西交大本部校区\温泉浴室,,1
-34,2019-05-01 16:20:00.000000,2186113485,4,饮食中心\西交大本部校区\温泉浴室,,1
-18,2019-05-01 16:33:00.000000,2186113485,4,饮食中心\西交大本部校区\温泉浴室,,1
-800,2019-05-08 11:27:46.000000,2186113485,5,饮食中心\西交大本部校区\康桥苑外包商户,饸烙面,153
-400,2019-05-10 17:33:44.000000,2186113485,5,饮食中心\西交大本部校区\兴庆校区外包商户,凉皮饸络组,193
-1200,2019-05-11 18:53:59.000000,2186113485,5,饮食中心\西交大本部校区\康桥苑外包商户,泡馍组,78
-20,2019-05-11 21:45:00.000000,2186113485,4,饮食中心\西交大本部校区\温泉浴室,,1
-800,2019-05-11 12:37:00.000000,2186113485,5,饮食中心\西交大本部校区\康桥苑外包商户,卤肉饭组,223
-1300,2019-05-16 18:25:20.000000,2186113485,5,饮食中心\西交大本部校区\康桥苑外包商户,五谷鱼粉组,291
-750,2019-05-12 18:53:20.000000,2186113485,3,温泉干水洗服务部\\,交大温泉干水洗服务部,120
-780,2019-06-02 19:00:26.000000,2186113485,5,饮食中心\西交大本部校区\康桥苑外包商户,苗家掉渣饼组,93
-10,2019-05-23 20:46:00.000000,2186113485,4,饮食中心\西交大本部校区\温泉浴室,,1
-200,2019-04-10 16:03:38.000000,2186113485,5,饮食中心\西交大本部校区\康桥苑外包商户,新疆抓饭,2
-200,2019-05-30 18:46:47.000000,2186113485,5,饮食中心\西交大本部校区\康桥苑外包商户,新疆抓饭,1
-900,2019-05-17 12:34:54.000000,2186113485,5,饮食中心\西交大本部校区\康桥苑外包商户,火锅米线,158
-1150,2019-05-21 12:06:01.000000,2186113485,3,温泉干水洗服务部\\,交大温泉干水洗服务部,120
-400,2019-04-08 12:05:23.000000,2186113485,5,饮食中心\西交大本部校区\兴庆校区外包商户,凉皮饸络组,193
-650,2019-04-10 16:03:43.000000,2186113485,5,饮食中心\西交大本部校区\康桥苑外包商户,苗家掉渣饼组,93
-200,2019-05-30 18:46:44.000000,2186113485,5,饮食中心\西交大本部校区\康桥苑外包商户,新疆抓饭,90
-300,2019-06-05 21:30:05.000000,2186113485,3,东九梦婷商店\\,东九梦婷商店,6
-350,2019-06-02 19:36:15.000000,2186113485,3,东九梦婷商店\\,东九梦婷商店,6
-300,2019-06-03 12:25:08.000000,2186113485,3,温泉干水洗服务部\\,交大温泉干水洗服务部,120
-2000,2019-06-06 19:00:16.000000,2186113485,5,饮食中心\西交大本部校区\康桥苑外包商户,五谷鱼粉组,291
-60,2019-04-14 12:29:47.000000,2186113485,5,饮食中心\西交大本部校区\学生三食堂,包子组,260
-800,2019-06-07 17:35:18.000000,2186113485,5,饮食中心\西交大本部校区\梧桐苑,盖饭,39
-300,2019-04-11 15:52:44.000000,2186113485,3,东九梦婷商店\\,东九梦婷商店,6
-500,2019-04-12 19:17:08.000000,2186113485,3,东九绿色水果店\\,东九绿色水果店,121
-400,2019-04-13 19:24:03.000000,2186113485,3,东九梦婷商店\\,东九梦婷商店,6
-500,2019-04-19 18:27:26.000000,2186113485,5,饮食中心\西交大本部校区\康桥苑外包商户,饸烙面,31
-210,2019-04-16 11:58:41.000000,2186113485,5,饮食中心\西交大本部校区\学生一食堂,饮料组,49
-350,2019-04-18 17:07:16.000000,2186113485,5,饮食中心\西交大本部校区\梧桐苑,面食,58
-60,2019-04-19 12:28:19.000000,2186113485,5,饮食中心\西交大本部校区\学生三食堂,包子组,260
-1200,2019-04-19 12:10:40.000000,2186113485,5,饮食中心\西交大本部校区\康桥苑外包商户,泡馍组,78
-400,2019-04-22 11:23:41.000000,2186113485,3,东九梦婷商店\\,东九梦婷商店,6
-100,2019-06-07 17:36:28.000000,2186113485,5,饮食中心\西交大本部校区\梧桐苑,主食花样,42
-2,2019-06-08 16:09:00.000000,2186113485,4,饮食中心\西交大本部校区\温泉浴室,,1
-2,2019-04-20 20:49:00.000000,2186113485,4,饮食中心\西交大本部校区\温泉浴室,,1
-300,2019-04-22 18:25:05.000000,2186113485,3,东九梦婷商店\\,东九梦婷商店,6
-350,2019-04-22 18:10:11.000000,2186113485,5,饮食中心\西交大本部校区\梧桐苑,面食,58
-10,2019-06-08 16:15:00.000000,2186113485,4,饮食中心\西交大本部校区\温泉浴室,,1
-500,2019-06-08 16:25:49.000000,2186113485,3,温泉干水洗服务部\\,交大温泉干水洗服务部,120
-900,2019-06-09 12:12:46.000000,2186113485,5,饮食中心\西交大本部校区\康桥苑外包商户,火锅米线,35
-1000,2019-06-11 11:55:20.000000,2186113485,5,饮食中心\西交大本部校区\康桥苑外包商户,煲仔饭组,61
-60,2019-06-09 18:08:37.000000,2186113485,5,饮食中心\西交大本部校区\学生三食堂,包子组,260
-60,2019-06-11 11:57:58.000000,2186113485,5,饮食中心\西交大本部校区\学生四食堂,自选三组,52
-1300,2019-06-13 12:09:44.000000,2186113485,5,饮食中心\西交大本部校区\梧桐苑,泡馍,45
-400,2019-06-11 18:20:06.000000,2186113485,5,饮食中心\西交大本部校区\学生一食堂,饮料组,49
-60,2019-06-12 11:07:27.000000,2186113485,5,饮食中心\西交大本部校区\学生三食堂,包子组,260
-350,2019-06-25 16:10:15.000000,2186113485,3,温泉干水洗服务部\\,交大温泉干水洗服务部,120
-2,2019-06-15 14:07:00.000000,2186113485,4,饮食中心\西交大本部校区\温泉浴室,,1
-12,2019-06-15 14:21:00.000000,2186113485,4,饮食中心\西交大本部校区\温泉浴室,,1
-350,2019-06-16 17:37:25.000000,2186113485,3,温泉干水洗服务部\\,交大温泉干水洗服务部,120
-1800,2019-06-17 12:00:26.000000,2186113485,3,温泉干水洗服务部\\,交大温泉干水洗服务部,120
-300,2019-04-24 18:53:59.000000,2186113485,3,温泉干水洗服务部\\,交大温泉干水洗服务部,120
-150,2019-06-19 18:14:36.000000,2186113485,5,饮食中心\西交大本部校区\康桥苑外包商户,饸烙面,152
-500,2019-06-19 18:14:03.000000,2186113485,5,饮食中心\西交大本部校区\康桥苑外包商户,饸烙面,32
-10,2019-06-15 14:16:00.000000,2186113485,4,饮食中心\西交大本部校区\温泉浴室,,1
-400,2019-06-16 17:06:27.000000,2186113485,5,饮食中心\西交大本部校区\兴庆校区外包商户,馄饨汤包组,77
-800,2019-04-24 18:30:06.000000,2186113485,5,饮食中心\西交大本部校区\康桥苑外包商户,卤肉饭组,223
-800,2019-04-27 17:50:21.000000,2186113485,5,饮食中心\西交大本部校区\东苑餐厅,快餐组,297
-60,2019-06-24 11:38:50.000000,2186113485,5,饮食中心\西交大本部校区\学生三食堂,包子组,260
-1000,2019-06-25 18:21:54.000000,2186113485,5,饮食中心\西交大本部校区\康桥苑外包商户,五谷鱼粉组,291
-200,2019-06-25 11:26:05.000000,2186113485,5,饮食中心\西交大本部校区\康桥苑外包商户,新疆抓饭,2
-500,2019-04-30 19:10:17.000000,2186113485,3,东九绿色水果店\\,东九绿色水果店,121
-300,2019-07-02 16:15:47.000000,2186113485,3,东九梦婷商店\\,东九梦婷商店,6
-600,2019-04-29 19:41:24.000000,2186113485,3,东九梦婷商店\\,东九梦婷商店,6
-300,2019-04-30 16:06:00.000000,2186113485,3,东九梦婷商店\\,东九梦婷商店,6
-1000,2019-07-02 11:29:23.000000,2186113485,5,饮食中心\西交大本部校区\兴庆校区外包商户,岐山面组,254
-200,2019-07-02 17:51:14.000000,2186113485,5,饮食中心\西交大本部校区\康桥苑外包商户,新疆抓饭,2
-1300,2019-07-03 11:29:21.000000,2186113485,5,饮食中心\西交大本部校区\梧桐苑,泡馍,45
-1200,2019-04-29 11:29:46.000000,2186113485,5,饮食中心\西交大本部校区\康桥苑外包商户,煲仔饭组,61
-240,2019-04-30 19:10:25.000000,2186113485,3,东九绿色水果店\\,东九绿色水果店,121
-100,2019-05-09 16:35:05.000000,2186113485,3,东九梦婷商店\\,东九梦婷商店,6
-900,2019-05-05 12:10:18.000000,2186113485,5,饮食中心\西交大本部校区\康桥苑外包商户,饭团,5
-1200,2019-05-05 17:29:20.000000,2186113485,5,饮食中心\西交大本部校区\康桥苑外包商户,泡馍组,78
-350,2019-05-06 18:34:36.000000,2186113485,5,饮食中心\西交大本部校区\梧桐苑,面食,241
-350,2019-05-06 18:34:04.000000,2186113485,5,饮食中心\西交大本部校区\梧桐苑,面食,58
-60,2019-05-08 11:47:06.000000,2186113485,5,饮食中心\西交大本部校区\学生三食堂,包子组,260
-1200,2019-07-05 11:20:12.000000,2186113485,5,饮食中心\西交大本部校区\康桥苑外包商户,泡馍组,78
-1000,2019-05-09 18:14:58.000000,2186113485,5,饮食中心\西交大本部校区\康桥苑外包商户,五谷鱼粉组,291
-310,2019-05-11 12:40:00.000000,2186113485,5,饮食中心\西交大本部校区\学生三食堂,卤菜组,229
-1300,2019-05-10 12:28:11.000000,2186113485,5,饮食中心\西交大本部校区\梧桐苑,泡馍,45
-14,2019-05-11 21:50:00.000000,2186113485,4,饮食中心\西交大本部校区\温泉浴室,,1
-300,2019-05-15 22:06:06.000000,2186113485,3,东九梦婷商店\\,东九梦婷商店,6
-200,2019-05-12 18:12:56.000000,2186113485,5,饮食中心\西交大本部校区\康桥苑外包商户,炒烩,99
-700,2019-05-15 18:47:54.000000,2186113485,5,饮食中心\西交大本部校区\康桥苑外包商户,川味面食组,26
-18,2019-07-17 22:17:00.000000,2186113485,4,饮食中心\西交大本部校区\温泉浴室,温泉浴室,1
-30,2019-05-17 15:01:00.000000,2186113485,4,饮食中心\西交大本部校区\温泉浴室,,1
-350,2019-07-09 18:08:03.000000,2186113485,3,温泉干水洗服务部\\,交大温泉干水洗服务部,120
-1700,2019-07-09 11:37:12.000000,2186113485,3,温泉干水洗服务部\\,交大温泉干水洗服务部,120
-200,2019-07-14 20:19:47.000000,2186113485,3,东九梦婷商店\\,东九梦婷商店,6
-14,2019-05-17 15:10:00.000000,2186113485,4,饮食中心\西交大本部校区\温泉浴室,,1
-1300,2019-05-17 12:58:58.000000,2186113485,3,东九梦婷商店\\,东九梦婷商店,6
-300,2019-05-17 13:00:09.000000,2186113485,3,东九绿色水果店\\,东九绿色水果店,121
-800,2019-05-20 18:46:07.000000,2186113485,5,饮食中心\西交大本部校区\梧桐苑,盖饭,39
-800,2019-05-20 18:46:16.000000,2186113485,5,饮食中心\西交大本部校区\梧桐苑,盖饭,39
-300,2019-05-20 19:07:32.000000,2186113485,3,东九绿色水果店\\,东九绿色水果店,121
-500,2019-07-08 13:40:20.000000,2186113485,3,温泉干水洗服务部\\,交大温泉干水洗服务部,120
-580,2019-07-11 11:49:15.000000,2186113485,5,饮食中心\西交大本部校区\康桥苑外包商户,苗家掉渣饼组,4
-500,2019-07-11 17:11:06.000000,2186113485,3,温泉干水洗服务部\\,交大温泉干水洗服务部,120
-60,2019-07-15 18:05:29.000000,2186113485,5,饮食中心\西交大本部校区\学生三食堂,包子组,260
-2,2019-07-17 22:19:00.000000,2186113485,4,饮食中心\西交大本部校区\温泉浴室,温泉浴室,1
-14,2019-05-23 20:58:00.000000,2186113485,4,饮食中心\西交大本部校区\温泉浴室,,1
-1000,2019-07-19 18:24:48.000000,2186113485,5,饮食中心\西交大本部校区\康桥苑外包商户,五谷鱼粉组,291
-500,2019-05-22 19:03:35.000000,2186113485,3,温泉干水洗服务部\\,交大温泉干水洗服务部,120
-200,2019-05-20 18:46:25.000000,2186113485,5,饮食中心\西交大本部校区\梧桐苑,冒菜,37
-900,2019-05-22 18:16:43.000000,2186113485,5,饮食中心\西交大本部校区\康桥苑外包商户,火锅米线,35
-1000,2019-05-24 11:57:14.000000,2186113485,5,饮食中心\西交大本部校区\康桥苑外包商户,煲仔饭组,61
-200,2019-05-23 12:01:18.000000,2186113485,5,饮食中心\西交大本部校区\康桥苑外包商户,新疆抓饭,2
-1270,2019-05-29 11:07:24.000000,2186113485,5,饮食中心\西交大本部校区\康桥苑外包商户,麻辣香锅组,29
-1000,2019-05-28 12:25:46.000000,2186113485,5,饮食中心\西交大本部校区\康桥苑外包商户,砂锅饺子,8
-200,2019-06-02 19:00:29.000000,2186113485,5,饮食中心\西交大本部校区\康桥苑外包商户,新疆抓饭,90
-800,2019-06-05 11:58:07.000000,2186113485,5,饮食中心\西交大本部校区\梧桐苑,面食,43
-400,2019-06-04 16:21:06.000000,2186113485,3,温泉干水洗服务部\\,交大温泉干水洗服务部,120
-200,2019-06-09 18:07:50.000000,2186113485,5,饮食中心\西交大本部校区\康桥苑外包商户,卤肉饭组,223
-800,2019-06-06 19:27:39.000000,2186113485,3,东九梦婷商店\\,东九梦婷商店,6
-200,2019-06-05 18:28:30.000000,2186113485,5,饮食中心\西交大本部校区\兴庆校区外包商户,水吧,82
-300,2019-02-18 12:01:03.000000,2186113485,5,饮食中心\西交大本部校区\梧桐苑,冒菜,37
-1000,2019-06-20 17:58:47.000000,2186113485,5,饮食中心\西交大本部校区\康桥苑外包商户,砂锅饺子,97
-600,2019-06-10 16:57:02.000000,2186113485,5,饮食中心\西交大本部校区\梧桐苑,面食,43
-900,2019-06-13 17:45:01.000000,2186113485,5,饮食中心\西交大本部校区\康桥苑外包商户,火锅米线,35
-280,2019-06-13 17:45:25.000000,2186113485,5,饮食中心\西交大本部校区\学生一食堂,饮料组,49
-400,2019-06-17 12:00:48.000000,2186113485,3,温泉干水洗服务部\\,交大温泉干水洗服务部,120
-800,2019-06-12 11:06:34.000000,2186113485,5,饮食中心\西交大本部校区\康桥苑外包商户,卤肉饭组,223
-100,2019-06-13 18:10:50.000000,2186113485,3,温泉干水洗服务部\\,交大温泉干水洗服务部,120
-200,2019-06-20 17:59:21.000000,2186113485,5,饮食中心\西交大本部校区\康桥苑外包商户,新疆抓饭,2
-300,2019-07-03 08:18:30.000000,2186113485,3,温泉干水洗服务部\\,交大温泉干水洗服务部,120
-400,2019-06-24 12:48:56.000000,2186113485,3,温泉干水洗服务部\\,交大温泉干水洗服务部,120
-2,2019-06-25 21:03:00.000000,2186113485,4,饮食中心\西交大本部校区\温泉浴室,,1
-580,2019-07-02 17:51:06.000000,2186113485,5,饮食中心\西交大本部校区\康桥苑外包商户,苗家掉渣饼组,92
-900,2019-06-25 11:25:47.000000,2186113485,5,饮食中心\西交大本部校区\康桥苑外包商户,饭团,5
-6,2019-06-25 21:08:00.000000,2186113485,4,饮食中心\西交大本部校区\温泉浴室,,1
-300,2019-07-04 11:34:30.000000,2186113485,5,饮食中心\西交大本部校区\梧桐苑,冒菜,49
-800,2019-07-04 11:34:06.000000,2186113485,5,饮食中心\西交大本部校区\梧桐苑,盖饭,39
-850,2019-02-19 11:44:26.000000,2186113485,5,饮食中心\西交大本部校区\学生二食堂,菜组,13
-300,2019-07-04 08:21:32.000000,2186113485,3,东九梦婷商店\\,东九梦婷商店,6
-400,2019-07-05 11:22:46.000000,2186113485,5,饮食中心\西交大本部校区\学生三食堂,卤菜组,229
-60,2019-07-14 09:19:33.000000,2186113485,5,饮食中心\西交大本部校区\学生一食堂,菜组,164
-100,2019-07-04 20:08:00.000000,2186113485,3,温泉干水洗服务部\\,交大温泉干水洗服务部,120
-60,2019-07-05 11:30:05.000000,2186113485,5,饮食中心\西交大本部校区\学生三食堂,包子组,260
-100,2019-07-05 19:40:10.000000,2186113485,3,温泉干水洗服务部\\,交大温泉干水洗服务部,120
-1000,2019-07-09 17:38:40.000000,2186113485,5,饮食中心\西交大本部校区\康桥苑外包商户,五谷鱼粉组,291
-450,2019-07-10 17:32:17.000000,2186113485,5,饮食中心\西交大本部校区\康桥苑外包商户,麦香馅饼,34
-800,2019-07-10 11:30:50.000000,2186113485,5,饮食中心\西交大本部校区\康桥苑外包商户,卤肉饭组,223
-60,2019-07-10 11:31:41.000000,2186113485,5,饮食中心\西交大本部校区\学生三食堂,包子组,260
-800,2019-07-10 11:30:52.000000,2186113485,5,饮食中心\西交大本部校区\康桥苑外包商户,卤肉饭组,223
-500,2019-07-10 17:31:47.000000,2186113485,5,饮食中心\西交大本部校区\康桥苑外包商户,饸烙面,31
-1200,2019-07-11 11:39:16.000000,2186113485,5,饮食中心\西交大本部校区\康桥苑外包商户,新疆抓饭,91
-1000,2019-07-16 17:41:13.000000,2186113485,5,饮食中心\西交大本部校区\康桥苑外包商户,五谷鱼粉组,291
-1000,2019-07-17 18:28:49.000000,2186113485,5,饮食中心\西交大本部校区\康桥苑外包商户,砂锅饺子,97
-36,2019-07-17 22:07:00.000000,2186113485,4,饮食中心\西交大本部校区\温泉浴室,温泉浴室,1
-800,2019-02-19 18:31:47.000000,2186113485,5,饮食中心\西交大本部校区\康桥苑外包商户,砂锅饺子,97
-150,2019-02-19 09:38:55.000000,2186113485,5,饮食中心\西交大本部校区\康桥苑外包商户,炒烩,11
-1000,2019-02-27 18:31:36.000000,2186113485,5,饮食中心\西交大本部校区\康桥苑外包商户,砂锅饺子,97
-1000,2019-02-20 18:41:31.000000,2186113485,5,饮食中心\西交大本部校区\康桥苑外包商户,五谷鱼粉组,291
-350,2019-02-21 18:23:10.000000,2186113485,5,饮食中心\西交大本部校区\梧桐苑,冒菜,37
-2,2019-02-24 19:48:00.000000,2186113485,4,饮食中心\西交大本部校区\温泉浴室,,1
-2,2019-02-24 19:36:00.000000,2186113485,4,饮食中心\西交大本部校区\温泉浴室,,1
-850,2019-03-03 19:04:44.000000,2186113485,3,服务中心\西交大本部校区\康桥商贸,超市,268
-300,2019-02-28 12:00:29.000000,2186113485,5,饮食中心\西交大本部校区\梧桐苑,冒菜,49
-600,2019-03-03 12:25:50.000000,2186113485,5,饮食中心\西交大本部校区\学生三食堂,小吃1,73
-60,2019-03-03 12:26:03.000000,2186113485,5,饮食中心\西交大本部校区\学生三食堂,小吃1,73
-800,2019-02-28 11:59:33.000000,2186113485,5,饮食中心\西交大本部校区\梧桐苑,面食,43
-300,2019-03-07 17:55:59.000000,2186113485,5,饮食中心\西交大本部校区\梧桐苑,冒菜,37
-1000,2019-03-06 18:34:16.000000,2186113485,5,饮食中心\西交大本部校区\康桥苑外包商户,五谷鱼粉组,291
-600,2019-03-07 17:49:56.000000,2186113485,5,饮食中心\西交大本部校区\梧桐苑,盖面,38
-300,2019-03-11 11:54:56.000000,2186113485,5,饮食中心\西交大本部校区\梧桐苑,冒菜,49
-100,2019-03-08 17:46:25.000000,2186113485,3,东九梦婷商店\\,东九梦婷商店,6
-60,2019-03-08 17:21:42.000000,2186113485,5,饮食中心\西交大本部校区\学生三食堂,包子组,260
-600,2019-03-11 11:55:50.000000,2186113485,5,饮食中心\西交大本部校区\梧桐苑,面食,43
-1000,2019-03-12 11:24:51.000000,2186113485,5,饮食中心\西交大本部校区\康桥苑外包商户,砂锅饺子,97
-16,2019-03-12 20:15:00.000000,2186113485,4,饮食中心\西交大本部校区\温泉浴室,,1
-2,2019-03-12 20:01:00.000000,2186113485,4,饮食中心\西交大本部校区\温泉浴室,,1
-2,2019-03-12 20:02:00.000000,2186113485,4,饮食中心\西交大本部校区\温泉浴室,,1
-2,2019-03-19 20:02:00.000000,2186113485,4,饮食中心\西交大本部校区\温泉浴室,,1
-900,2019-03-13 12:15:36.000000,2186113485,5,饮食中心\西交大本部校区\康桥苑外包商户,饭团,5
-1000,2019-03-15 18:09:36.000000,2186113485,5,饮食中心\西交大本部校区\康桥苑外包商户,五谷鱼粉组,291
-2,2019-03-12 19:58:00.000000,2186113485,4,饮食中心\西交大本部校区\温泉浴室,,1
-16,2019-03-12 20:04:00.000000,2186113485,4,饮食中心\西交大本部校区\温泉浴室,,1
-22,2019-03-19 20:06:00.000000,2186113485,4,饮食中心\西交大本部校区\温泉浴室,,1
-900,2019-03-19 11:27:23.000000,2186113485,5,饮食中心\西交大本部校区\康桥苑外包商户,饭团,5
-100,2019-03-19 16:24:44.000000,2186113485,5,饮食中心\西交大本部校区\学生三食堂,稀饭组,233
-100,2019-03-29 10:57:07.000000,2186113485,5,饮食中心\西交大本部校区\学生三食堂,稀饭组,233
-2,2019-03-19 20:14:00.000000,2186113485,4,饮食中心\西交大本部校区\温泉浴室,,1
-1200,2019-03-21 11:08:41.000000,2186113485,5,饮食中心\西交大本部校区\东苑餐厅,快餐组,283
-150,2019-03-21 11:09:09.000000,2186113485,5,饮食中心\西交大本部校区\东苑餐厅,快餐组,280
-2,2019-03-27 19:50:00.000000,2186113485,4,饮食中心\西交大本部校区\温泉浴室,,1
-2400,2019-03-27 18:42:12.000000,2186113485,3,服务中心\西交大本部校区\康桥商贸,超市,267
-800,2019-03-20 12:07:44.000000,2186113485,5,饮食中心\西交大本部校区\梧桐苑,面食,43
-800,2019-03-22 18:54:10.000000,2186113485,5,饮食中心\西交大本部校区\康桥苑外包商户,五谷鱼粉组,291
-200,2019-03-24 18:47:59.000000,2186113485,5,饮食中心\西交大本部校区\康桥苑外包商户,新疆抓饭,1
-1200,2019-03-27 11:07:46.000000,2186113485,5,饮食中心\西交大本部校区\康桥苑外包商户,泡馍组,78
-18,2019-03-27 19:52:00.000000,2186113485,4,饮食中心\西交大本部校区\温泉浴室,,1
-200,2019-03-27 18:45:02.000000,2186113485,5,饮食中心\西交大本部校区\康桥苑外包商户,新疆抓饭,2
-700,2019-03-28 21:14:58.000000,2186113485,3,东九梦婷商店\\,东九梦婷商店,6
-1500,2019-03-31 18:42:46.000000,2186113485,5,饮食中心\西交大本部校区\康桥苑外包商户,五谷鱼粉组,291
-600,2019-03-30 17:41:32.000000,2186113485,5,饮食中心\西交大本部校区\学生三食堂,小吃2,72
-100,2019-03-30 19:07:38.000000,2186113485,3,东九梦婷商店\\,东九梦婷商店,6
-400,2019-04-03 17:24:55.000000,2186113485,3,服务中心\西交大本部校区\康桥商贸,超市,268
-20,2019-04-02 19:39:00.000000,2186113485,4,饮食中心\西交大本部校区\温泉浴室,,1
-60,2019-04-02 10:46:59.000000,2186113485,5,饮食中心\西交大本部校区\学生三食堂,包子组,260
-1200,2019-04-02 10:45:15.000000,2186113485,5,饮食中心\西交大本部校区\康桥苑外包商户,泡馍组,78
-1300,2019-04-06 18:03:59.000000,2186113485,5,饮食中心\西交大本部校区\梧桐苑,泡馍,45
-1000,2019-04-03 17:02:02.000000,2186113485,5,饮食中心\西交大本部校区\康桥苑外包商户,五谷鱼粉组,291
-40,2019-04-15 18:14:37.000000,2186113485,5,饮食中心\西交大本部校区\梧桐苑,面食,241
-300,2019-04-06 13:06:00.000000,2186113485,3,东九梦婷商店\\,东九梦婷商店,6
-1000,2019-04-06 12:47:16.000000,2186113485,5,饮食中心\西交大本部校区\康桥苑外包商户,砂锅饺子,97
-300,2019-04-07 21:09:54.000000,2186113485,3,东九梦婷商店\\,东九梦婷商店,6
-200,2019-04-07 12:41:19.000000,2186113485,5,饮食中心\西交大本部校区\兴庆校区外包商户,水吧,82
-500,2019-04-11 18:54:43.000000,2186113485,3,东九梦婷商店\\,东九梦婷商店,6
-900,2019-04-13 12:36:03.000000,2186113485,5,饮食中心\西交大本部校区\康桥苑外包商户,饭团,5
-700,2019-04-10 21:42:28.000000,2186113485,3,东九梦婷商店\\,东九梦婷商店,6
-1200,2019-04-12 18:31:21.000000,2186113485,5,饮食中心\西交大本部校区\康桥苑外包商户,五谷鱼粉组,291
-350,2019-04-15 18:12:51.000000,2186113485,5,饮食中心\西交大本部校区\梧桐苑,面食,58
-900,2019-04-16 11:35:59.000000,2186113485,5,饮食中心\西交大本部校区\康桥苑外包商户,饭团,5
-24,2019-04-16 14:54:00.000000,2186113485,4,饮食中心\西交大本部校区\温泉浴室,,1
-70,2019-04-16 11:59:09.000000,2186113485,5,饮食中心\西交大本部校区\学生一食堂,饮料组,49
-200,2019-04-16 11:34:12.000000,2186113485,5,饮食中心\西交大本部校区\康桥苑外包商户,新疆抓饭,2
-100,2019-04-17 11:07:55.000000,2186113485,5,饮食中心\西交大本部校区\学生四食堂,冷饮组,97
-8,2019-04-16 15:00:00.000000,2186113485,4,饮食中心\西交大本部校区\温泉浴室,,1
-1000,2019-04-17 18:29:07.000000,2186113485,5,饮食中心\西交大本部校区\康桥苑外包商户,五谷鱼粉组,291
-22,2019-04-20 20:39:00.000000,2186113485,4,饮食中心\西交大本部校区\温泉浴室,,1
-300,2019-04-17 19:01:30.000000,2186113485,3,东九梦婷商店\\,东九梦婷商店,6
-600,2019-04-19 18:47:46.000000,2186113485,3,东九绿色水果店\\,东九绿色水果店,121
-450,2019-04-20 16:36:18.000000,2186113485,3,东九梦婷商店\\,东九梦婷商店,6
-200,2019-04-20 20:54:43.000000,2186113485,3,东九梦婷商店\\,东九梦婷商店,6
-400,2019-04-24 12:01:21.000000,2186113485,5,饮食中心\西交大本部校区\梧桐苑,民族风味小吃,179
-40,2019-04-22 18:10:23.000000,2186113485,5,饮食中心\西交大本部校区\梧桐苑,面食,241
-600,2019-04-24 11:59:29.000000,2186113485,5,饮食中心\西交大本部校区\兴庆校区外包商户,丸子粉丝汤,71
-500,2019-04-24 12:10:38.000000,2186113485,5,饮食中心\西交大本部校区\兴庆校区外包商户,水吧,82
-350,2019-04-24 18:33:26.000000,2186113485,5,饮食中心\西交大本部校区\学生三食堂,小吃1,261
-350,2019-04-25 15:56:32.000000,2186113485,3,温泉干水洗服务部\\,交大温泉干水洗服务部,120
-200,2019-04-25 18:43:34.000000,2186113485,5,饮食中心\西交大本部校区\康桥苑外包商户,新疆抓饭,2
-600,2019-04-25 18:43:32.000000,2186113485,5,饮食中心\西交大本部校区\康桥苑外包商户,苗家掉渣饼组,93
-160,2019-04-27 17:50:32.000000,2186113485,5,饮食中心\西交大本部校区\东苑餐厅,快餐组,297
-1000,2019-04-26 18:39:10.000000,2186113485,5,饮食中心\西交大本部校区\康桥苑外包商户,五谷鱼粉组,291
-400,2019-04-27 18:11:49.000000,2186113485,3,温泉干水洗服务部\\,交大温泉干水洗服务部,120
-200,2019-04-28 18:24:54.000000,2186113485,5,饮食中心\西交大本部校区\康桥苑外包商户,新疆抓饭,2
-1200,2019-04-28 18:24:31.000000,2186113485,5,饮食中心\西交大本部校区\康桥苑外包商户,饭团,6
-4,2019-05-01 16:25:00.000000,2186113485,4,饮食中心\西交大本部校区\温泉浴室,,1
-8,2019-05-01 16:28:00.000000,2186113485,4,饮食中心\西交大本部校区\温泉浴室,,1
-18,2019-05-05 19:34:00.000000,2186113485,4,饮食中心\西交大本部校区\温泉浴室,,1
-2,2019-05-05 19:21:00.000000,2186113485,4,饮食中心\西交大本部校区\温泉浴室,,1
-2,2019-05-05 19:22:00.000000,2186113485,4,饮食中心\西交大本部校区\温泉浴室,,1
-60,2019-05-08 11:47:05.000000,2186113485,5,饮食中心\西交大本部校区\学生三食堂,包子组,260
-8,2019-05-05 19:28:00.000000,2186113485,4,饮食中心\西交大本部校区\温泉浴室,,1
-900,2019-05-12 18:12:39.000000,2186113485,5,饮食中心\西交大本部校区\康桥苑外包商户,砂锅饺子,9
-500,2019-05-09 12:00:24.000000,2186113485,3,东九梦婷商店\\,东九梦婷商店,6
-900,2019-05-09 16:36:57.000000,2186113485,3,东九绿色水果店\\,东九绿色水果店,121
-300,2019-05-11 21:29:14.000000,2186113485,3,温泉干水洗服务部\\,交大温泉干水洗服务部,120
-1400,2019-05-09 18:51:43.000000,2186113485,3,服务中心\西交大本部校区\康桥商贸,复印A,295
-300,2019-05-10 12:29:01.000000,2186113485,5,饮食中心\西交大本部校区\梧桐苑,冒菜,37
-150,2019-05-10 17:32:58.000000,2186113485,5,饮食中心\西交大本部校区\兴庆校区外包商户,米线组,200
-14,2019-05-11 21:54:00.000000,2186113485,4,饮食中心\西交大本部校区\温泉浴室,,1
-60,2019-05-23 18:16:07.000000,2186113485,5,饮食中心\西交大本部校区\学生三食堂,包子组,260
-6,2019-05-17 15:05:00.000000,2186113485,4,饮食中心\西交大本部校区\温泉浴室,,1
-300,2019-05-18 21:27:03.000000,2186113485,3,温泉干水洗服务部\\,交大温泉干水洗服务部,120
-400,2019-05-18 16:28:10.000000,2186113485,5,饮食中心\西交大本部校区\兴庆校区外包商户,丸子粉丝汤,192
-650,2019-05-16 12:00:04.000000,2186113485,3,东九梦婷商店\\,东九梦婷商店,6
-900,2019-05-23 12:00:21.000000,2186113485,5,饮食中心\西交大本部校区\康桥苑外包商户,饭团,5
-8,2019-05-23 20:53:00.000000,2186113485,4,饮食中心\西交大本部校区\温泉浴室,,1
-10,2019-05-23 20:48:00.000000,2186113485,4,饮食中心\西交大本部校区\温泉浴室,,1
-800,2019-05-23 18:15:24.000000,2186113485,5,饮食中心\西交大本部校区\康桥苑外包商户,卤肉饭组,223
-900,2019-05-30 18:45:02.000000,2186113485,5,饮食中心\西交大本部校区\康桥苑外包商户,饭团,5
-60,2019-05-25 18:24:13.000000,2186113485,5,饮食中心\西交大本部校区\学生三食堂,包子组,260
-1200,2019-05-25 18:16:22.000000,2186113485,5,饮食中心\西交大本部校区\康桥苑外包商户,泡馍组,78
-400,2019-05-28 19:20:43.000000,2186113485,3,服务中心\西交大本部校区\康桥商贸,超市,268
-1000,2019-05-28 18:58:17.000000,2186113485,5,饮食中心\西交大本部校区\康桥苑外包商户,五谷鱼粉组,291
-1470,2019-05-25 18:55:38.000000,2186113485,3,东九绿色水果店\\,东九绿色水果店,121
-500,2019-05-31 18:28:01.000000,2186113485,5,饮食中心\西交大本部校区\康桥苑外包商户,饸烙面,31
-900,2019-06-04 11:26:35.000000,2186113485,5,饮食中心\西交大本部校区\康桥苑外包商户,饭团,5
-800,2019-06-02 15:18:22.000000,2186113485,3,温泉干水洗服务部\\,交大温泉干水洗服务部,120
-1200,2019-06-03 12:10:06.000000,2186113485,5,饮食中心\西交大本部校区\康桥苑外包商户,新疆抓饭,91
-900,2019-06-05 18:13:55.000000,2186113485,5,饮食中心\西交大本部校区\兴庆校区外包商户,鸡排饭组,191
-500,2019-06-05 12:02:33.000000,2186113485,5,饮食中心\西交大本部校区\梧桐苑,冒菜,49
-200,2019-06-05 18:14:10.000000,2186113485,5,饮食中心\西交大本部校区\兴庆校区外包商户,鸡汤刀削面组,73
-400,2019-06-07 17:36:01.000000,2186113485,5,饮食中心\西交大本部校区\梧桐苑,冒菜,49
-1000,2019-06-06 18:58:57.000000,2186113485,5,饮食中心\西交大本部校区\康桥苑外包商户,五谷鱼粉组,291
-2,2019-06-08 16:08:00.000000,2186113485,4,饮食中心\西交大本部校区\温泉浴室,,1
-12,2019-06-08 16:20:00.000000,2186113485,4,饮食中心\西交大本部校区\温泉浴室,,1
-16,2019-06-08 16:11:00.000000,2186113485,4,饮食中心\西交大本部校区\温泉浴室,,1
-6,2019-06-08 16:05:00.000000,2186113485,4,饮食中心\西交大本部校区\温泉浴室,,1
-500,2019-06-11 18:12:13.000000,2186113485,5,饮食中心\西交大本部校区\康桥苑外包商户,饸烙面,32
-1240,2019-06-15 11:29:34.000000,2186113485,5,饮食中心\西交大本部校区\东苑餐厅,吧台,284
-30,2019-06-15 14:11:00.000000,2186113485,4,饮食中心\西交大本部校区\温泉浴室,,1
-150,2019-06-15 11:33:29.000000,2186113485,5,饮食中心\西交大本部校区\东苑餐厅,快餐组,281
-8,2019-07-07 21:01:00.000000,2186113485,4,饮食中心\西交大本部校区\温泉浴室,,1
-900,2019-06-15 11:33:11.000000,2186113485,5,饮食中心\西交大本部校区\东苑餐厅,快餐组,297
-800,2019-06-17 17:30:14.000000,2186113485,5,饮食中心\西交大本部校区\梧桐苑,盖饭,39
-780,2019-06-18 18:08:44.000000,2186113485,5,饮食中心\西交大本部校区\康桥苑外包商户,苗家掉渣饼组,93
-800,2019-06-24 11:33:07.000000,2186113485,5,饮食中心\西交大本部校区\康桥苑外包商户,卤肉饭组,223
-300,2019-07-04 11:34:27.000000,2186113485,5,饮食中心\西交大本部校区\梧桐苑,冒菜,49
-800,2019-06-17 17:30:34.000000,2186113485,5,饮食中心\西交大本部校区\梧桐苑,盖饭,39
-200,2019-06-18 18:08:48.000000,2186113485,5,饮食中心\西交大本部校区\康桥苑外包商户,新疆抓饭,2
-500,2019-06-24 16:20:35.000000,2186113485,3,温泉干水洗服务部\\,交大温泉干水洗服务部,120
-8,2019-06-25 21:05:00.000000,2186113485,4,饮食中心\西交大本部校区\温泉浴室,,1
-28,2019-07-07 21:07:00.000000,2186113485,4,饮食中心\西交大本部校区\温泉浴室,,1
-30,2019-07-07 20:56:00.000000,2186113485,4,饮食中心\西交大本部校区\温泉浴室,,1
-400,2019-07-13 19:34:37.000000,2186113485,3,东九梦婷商店\\,东九梦婷商店,6
-60,2019-07-17 11:44:44.000000,2186113485,5,饮食中心\西交大本部校区\学生三食堂,包子组,260
-800,2019-07-15 18:04:41.000000,2186113485,5,饮食中心\西交大本部校区\康桥苑外包商户,卤肉饭组,223
-10,2019-07-17 22:11:00.000000,2186113485,4,饮食中心\西交大本部校区\温泉浴室,温泉浴室,1
-500,2019-07-18 18:30:37.000000,2186113485,5,饮食中心\西交大本部校区\康桥苑外包商户,饸烙面,31
-800,2019-07-17 11:43:49.000000,2186113485,5,饮食中心\西交大本部校区\康桥苑外包商户,卤肉饭组,223
-500,2019-07-18 18:30:52.000000,2186113485,5,饮食中心\西交大本部校区\康桥苑外包商户,饸烙面,31
-1450,2019-07-19 18:59:53.000000,2186113485,3,温泉干水洗服务部\\,交大温泉干水洗服务部,120
-150,2018-09-03 16:05:31.000000,2186113485,3,东九梦婷商店\\,,6
-400,2019-07-19 19:00:17.000000,2186113485,3,温泉干水洗服务部\\,交大温泉干水洗服务部,120
-700,2018-09-02 10:44:20.000000,2186113485,5,饮食中心\西交大本部校区\梧桐苑,,40
-800,2018-09-02 10:44:38.000000,2186113485,5,饮食中心\西交大本部校区\梧桐苑,,39
-100,2018-09-02 10:45:23.000000,2186113485,5,饮食中心\西交大本部校区\梧桐苑,,48
-3550,2018-09-03 16:08:27.000000,2186113485,3,呼延办公用品商店\\,,122
-850,2018-09-07 18:08:20.000000,2186113485,5,饮食中心\西交大本部校区\兴庆校区外包商户,,78
-150,2018-09-04 08:26:03.000000,2186113485,5,饮食中心\西交大本部校区\康桥苑外包商户,,97
-1120,2018-09-04 11:24:37.000000,2186113485,5,饮食中心\西交大本部校区\学生四食堂,自选七组,56
-500,2018-09-06 18:16:44.000000,2186113485,5,饮食中心\西交大本部校区\梧桐苑,冒菜,37
-600,2018-09-06 11:17:56.000000,2186113485,5,饮食中心\西交大本部校区\梧桐苑,,44
-350,2018-09-03 06:55:59.000000,2186113485,5,饮食中心\西交大本部校区\康桥苑外包商户,,157
-150,2018-09-03 06:56:15.000000,2186113485,5,饮食中心\西交大本部校区\康桥苑外包商户,,157
-400,2018-09-04 11:21:17.000000,2186113485,5,饮食中心\西交大本部校区\东苑餐厅,,299
-1000,2018-09-04 18:13:00.000000,2186113485,5,饮食中心\西交大本部校区\梧桐苑,,27
-600,2018-09-09 16:51:25.000000,2186113485,5,饮食中心\西交大本部校区\兴庆校区外包商户,,85
-260,2018-09-07 07:11:46.000000,2186113485,5,饮食中心\西交大本部校区\学生二食堂,,143
-280,2018-09-01 11:51:01.000000,2186113485,3,服务中心\西交大本部校区\康桥商贸,,268
-800,2018-09-04 18:12:39.000000,2186113485,5,饮食中心\西交大本部校区\梧桐苑,,30
-400,2018-09-05 20:58:30.000000,2186113485,3,呼延办公用品商店\\,,122
-450,2018-09-04 08:27:07.000000,2186113485,5,饮食中心\西交大本部校区\康桥苑外包商户,,93
-10,2018-09-12 21:31:10.000000,2186113485,4,饮食中心\西交大本部校区\温泉浴室,,1
-1000,2018-09-05 11:45:18.000000,2186113485,5,饮食中心\西交大本部校区\梧桐苑,,237
-12,2018-09-12 21:35:20.000000,2186113485,4,饮食中心\西交大本部校区\温泉浴室,,1
-700,2018-09-12 17:43:44.000000,2186113485,5,饮食中心\西交大本部校区\康桥苑外包商户,,99
-200,2018-09-12 22:05:29.000000,2186113485,3,温泉干水洗服务部\\,,120
-600,2018-09-06 18:12:23.000000,2186113485,5,饮食中心\西交大本部校区\梧桐苑,,38
-1800,2018-09-07 11:36:27.000000,2186113485,5,饮食中心\西交大本部校区\兴庆校区外包商户,西餐厅,40
-1040,2018-09-08 12:58:15.000000,2186113485,3,东九绿色水果店\\,,121
-180,2018-09-13 09:13:09.000000,2186113485,5,饮食中心\西交大本部校区\学生一食堂,菜组,41
-80,2018-09-13 09:13:14.000000,2186113485,5,饮食中心\西交大本部校区\学生一食堂,菜组,41
-600,2018-09-12 11:37:23.000000,2186113485,5,饮食中心\西交大本部校区\梧桐苑,,38
-750,2018-09-09 17:26:49.000000,2186113485,3,呼延办公用品商店\\,,14
-1070,2018-09-11 11:16:35.000000,2186113485,5,饮食中心\西交大本部校区\学生四食堂,自选七组,56
-150,2018-09-11 08:54:20.000000,2186113485,5,饮食中心\西交大本部校区\康桥苑外包商户,饸烙面,31
-200,2018-09-11 18:10:09.000000,2186113485,5,饮食中心\西交大本部校区\梧桐苑,冒菜,37
-80,2018-09-12 09:17:47.000000,2186113485,5,饮食中心\西交大本部校区\学生二食堂,,102
-1900,2018-09-12 22:05:34.000000,2186113485,3,温泉干水洗服务部\\,,120
-300,2018-09-12 11:38:12.000000,2186113485,5,饮食中心\西交大本部校区\梧桐苑,冒菜,37
-900,2018-09-13 12:22:22.000000,2186113485,5,饮食中心\西交大本部校区\康桥苑外包商户,,94
-2,2018-09-12 21:28:08.000000,2186113485,4,饮食中心\西交大本部校区\温泉浴室,,1
-400,2018-09-13 21:05:25.000000,2186113485,3,物资供应中心\兴华针纺劳保供应站\,,17
-700,2018-09-15 18:12:48.000000,2186113485,5,饮食中心\西交大本部校区\康桥苑外包商户,,99
-150,2018-09-14 07:14:25.000000,2186113485,5,饮食中心\西交大本部校区\康桥苑外包商户,,98
-250,2018-09-13 18:10:44.000000,2186113485,5,饮食中心\西交大本部校区\梧桐苑,冒菜,37
-400,2018-09-14 11:35:08.000000,2186113485,5,饮食中心\西交大本部校区\兴庆校区外包商户,,78
-1050,2018-09-15 18:42:21.000000,2186113485,3,温泉干水洗服务部\\,,120
-700,2018-09-18 18:10:35.000000,2186113485,5,饮食中心\西交大本部校区\梧桐苑,,40
-200,2018-09-14 07:14:53.000000,2186113485,5,饮食中心\西交大本部校区\康桥苑外包商户,,99
-1300,2018-09-14 18:16:02.000000,2186113485,5,饮食中心\西交大本部校区\梧桐苑,,45
-200,2018-09-17 11:28:54.000000,2186113485,5,饮食中心\西交大本部校区\梧桐苑,,48
-150,2018-09-19 09:27:05.000000,2186113485,5,饮食中心\西交大本部校区\康桥苑外包商户,炒烩,11
-300,2018-09-17 15:58:50.000000,2186113485,3,呼延办公用品商店\\,,14
-800,2018-09-17 11:28:02.000000,2186113485,5,饮食中心\西交大本部校区\梧桐苑,,40
-400,2018-09-17 07:16:25.000000,2186113485,5,饮食中心\西交大本部校区\学生二食堂,菜组,21
-200,2018-09-19 09:26:48.000000,2186113485,5,饮食中心\西交大本部校区\康桥苑外包商户,,100
-200,2018-09-20 11:14:42.000000,2186113485,5,饮食中心\西交大本部校区\梧桐苑,,48
-750,2018-09-19 11:37:26.000000,2186113485,5,饮食中心\西交大本部校区\梧桐苑,,41
-600,2018-09-19 16:21:22.000000,2186113485,5,饮食中心\西交大本部校区\兴庆校区外包商户,,190
-450,2018-09-19 11:38:15.000000,2186113485,5,饮食中心\西交大本部校区\梧桐苑,冒菜,37
-400,2018-09-21 07:18:21.000000,2186113485,5,饮食中心\西交大本部校区\学生二食堂,菜组,18
-250,2018-09-21 07:18:27.000000,2186113485,5,饮食中心\西交大本部校区\学生二食堂,菜组,18
-1200,2018-09-22 22:40:34.000000,2186113485,3,温泉干水洗服务部\\,,120
-1000,2018-09-26 11:41:08.000000,2186113485,5,饮食中心\西交大本部校区\康桥苑外包商户,,97
-2,2018-09-25 20:25:31.000000,2186113485,4,饮食中心\西交大本部校区\温泉浴室,,1
-2,2018-09-25 20:29:25.000000,2186113485,4,饮食中心\西交大本部校区\温泉浴室,,1
-150,2018-09-26 09:21:17.000000,2186113485,5,饮食中心\西交大本部校区\康桥苑外包商户,砂锅饺子,8
-1550,2018-09-26 21:30:41.000000,2186113485,3,温泉干水洗服务部\\,,120
-720,2018-09-24 18:14:31.000000,2186113485,5,饮食中心\西交大本部校区\学生四食堂,自选七组,56
-800,2018-10-10 12:10:24.000000,2186113485,3,东九绿色水果店\\,,121
-200,2018-09-27 10:56:23.000000,2186113485,5,饮食中心\西交大本部校区\梧桐苑,冒菜,37
-1300,2018-09-29 16:43:48.000000,2186113485,5,饮食中心\西交大本部校区\梧桐苑,,45
-260,2018-10-08 07:19:18.000000,2186113485,5,饮食中心\西交大本部校区\学生二食堂,菜组,16
-800,2018-10-09 11:13:05.000000,2186113485,5,饮食中心\西交大本部校区\学生三食堂,炒饭1,70
-300,2018-09-22 22:40:40.000000,2186113485,3,温泉干水洗服务部\\,,120
-150,2018-09-29 09:20:48.000000,2186113485,5,饮食中心\西交大本部校区\兴庆校区外包商户,,199
-100,2018-10-09 11:13:26.000000,2186113485,5,饮食中心\西交大本部校区\学生三食堂,,233
-280,2018-10-11 11:32:25.000000,2186113485,5,饮食中心\西交大本部校区\学生一食堂,饮料组,49
-700,2018-10-11 17:35:09.000000,2186113485,5,饮食中心\西交大本部校区\梧桐苑,炒面,25
-350,2018-09-25 11:30:31.000000,2186113485,5,饮食中心\西交大本部校区\梧桐苑,,48
-900,2018-10-11 22:22:56.000000,2186113485,3,温泉干水洗服务部\\,,120
-2,2018-09-25 20:25:24.000000,2186113485,4,饮食中心\西交大本部校区\温泉浴室,,1
-16,2018-09-25 20:27:52.000000,2186113485,4,饮食中心\西交大本部校区\温泉浴室,,1
-180,2018-09-25 09:20:49.000000,2186113485,5,饮食中心\西交大本部校区\学生一食堂,菜组,41
-250,2018-09-25 09:20:14.000000,2186113485,5,饮食中心\西交大本部校区\康桥苑外包商户,川味面食组,27
-970,2018-10-12 17:08:14.000000,2186113485,5,饮食中心\西交大本部校区\学生四食堂,自选七组,56
-250,2018-09-26 18:40:17.000000,2186113485,5,饮食中心\西交大本部校区\梧桐苑,冒菜,37
-600,2018-10-13 17:37:09.000000,2186113485,5,饮食中心\西交大本部校区\梧桐苑,,43
-200,2018-10-15 11:53:03.000000,2186113485,5,饮食中心\西交大本部校区\梧桐苑,,41
-1300,2018-10-14 15:29:24.000000,2186113485,5,饮食中心\西交大本部校区\梧桐苑,,45
-800,2018-10-14 11:21:55.000000,2186113485,5,饮食中心\西交大本部校区\学生三食堂,炒饭1,70
-600,2018-09-27 18:07:59.000000,2186113485,5,饮食中心\西交大本部校区\学生四食堂,自选七组,56
-200,2018-10-14 15:29:51.000000,2186113485,5,饮食中心\西交大本部校区\梧桐苑,冒菜,37
-16,2018-10-15 14:09:12.000000,2186113485,4,饮食中心\西交大本部校区\温泉浴室,,1
-400,2018-10-18 10:54:44.000000,2186113485,5,饮食中心\西交大本部校区\兴庆校区外包商户,,82
-400,2018-10-16 11:15:38.000000,2186113485,5,饮食中心\西交大本部校区\兴庆校区外包商户,,77
-400,2018-10-16 11:14:03.000000,2186113485,5,饮食中心\西交大本部校区\兴庆校区外包商户,,78
-200,2018-10-23 11:10:00.000000,2186113485,3,温泉干水洗服务部\\,,120
-500,2018-10-18 10:56:34.000000,2186113485,5,饮食中心\西交大本部校区\梧桐苑,,174
-200,2018-10-19 11:50:47.000000,2186113485,5,饮食中心\西交大本部校区\梧桐苑,冒菜,37
-300,2018-10-07 11:50:38.000000,2186113485,5,饮食中心\西交大本部校区\梧桐苑,冒菜,37
-700,2018-10-19 11:50:29.000000,2186113485,5,饮食中心\西交大本部校区\梧桐苑,,40
-200,2018-10-08 17:22:48.000000,2186113485,5,饮食中心\西交大本部校区\梧桐苑,冒菜,37
-800,2018-10-19 17:53:02.000000,2186113485,5,饮食中心\西交大本部校区\康桥苑外包商户,,223
-950,2018-10-20 11:37:48.000000,2186113485,3,东九梦婷商店\\,,6
-600,2018-10-20 17:43:56.000000,2186113485,5,饮食中心\西交大本部校区\兴庆校区外包商户,,79
-300,2018-10-24 17:06:39.000000,2186113485,5,饮食中心\西交大本部校区\梧桐苑,冒菜,37
-100,2018-10-23 10:53:17.000000,2186113485,5,饮食中心\西交大本部校区\学生四食堂,冷饮组,97
-800,2018-10-23 10:54:52.000000,2186113485,5,饮食中心\西交大本部校区\学生四食堂,自选五组,54
-12,2018-10-25 16:16:04.000000,2186113485,4,饮食中心\西交大本部校区\温泉浴室,,1
-1200,2018-10-25 17:59:32.000000,2186113485,5,饮食中心\西交大本部校区\东苑餐厅,,289
-400,2018-10-09 17:39:52.000000,2186113485,5,饮食中心\西交大本部校区\梧桐苑,冒菜,37
-2,2018-10-25 16:17:22.000000,2186113485,4,饮食中心\西交大本部校区\温泉浴室,,1
-8,2018-10-25 16:11:35.000000,2186113485,4,饮食中心\西交大本部校区\温泉浴室,,1
-2,2018-10-29 14:52:52.000000,2186113485,4,饮食中心\西交大本部校区\温泉浴室,,1
-26,2018-10-25 16:02:48.000000,2186113485,4,饮食中心\西交大本部校区\温泉浴室,,1
-1200,2018-10-28 12:21:54.000000,2186113485,5,饮食中心\西交大本部校区\康桥苑外包商户,,291
-900,2018-10-10 11:35:59.000000,2186113485,5,饮食中心\西交大本部校区\梧桐苑,,44
-100,2018-10-30 10:55:35.000000,2186113485,5,饮食中心\西交大本部校区\学生三食堂,,233
-1300,2018-10-10 17:31:15.000000,2186113485,5,饮食中心\西交大本部校区\梧桐苑,,45
-960,2018-09-01 11:38:43.000000,2186113485,5,饮食中心\西交大本部校区\学生三食堂,,226
-500,2018-10-10 08:01:20.000000,2186113485,3,温泉干水洗服务部\\,,120
-2,2018-10-29 14:56:53.000000,2186113485,4,饮食中心\西交大本部校区\温泉浴室,,1
-700,2018-10-30 17:58:27.000000,2186113485,5,饮食中心\西交大本部校区\兴庆校区外包商户,,32
-200,2018-10-31 18:03:45.000000,2186113485,5,饮食中心\西交大本部校区\学生三食堂,,171
-800,2018-10-30 15:19:40.000000,2186113485,3,温泉干水洗服务部\\,,120
-350,2018-10-31 11:42:30.000000,2186113485,5,饮食中心\西交大本部校区\梧桐苑,,58
-2200,2018-10-31 11:24:41.000000,2186113485,3,物资供应中心\西安市碑林区兴华超市\,碑林区兴华超市,3
-200,2018-10-31 09:15:00.000000,2186113485,5,饮食中心\西交大本部校区\康桥苑外包商户,,99
-300,2018-10-31 18:03:11.000000,2186113485,5,饮食中心\西交大本部校区\学生三食堂,,262
-580,2018-11-02 09:05:09.000000,2186113485,5,饮食中心\西交大本部校区\学生一食堂,,163
-200,2018-11-01 09:08:39.000000,2186113485,5,饮食中心\西交大本部校区\兴庆校区外包商户,,64
-950,2018-11-05 10:56:31.000000,2186113485,5,饮食中心\西交大本部校区\梧桐苑,,256
-800,2018-11-04 17:35:00.000000,2186113485,5,饮食中心\西交大本部校区\康桥苑外包商户,砂锅饺子,8
-500,2018-11-07 09:14:42.000000,2186113485,5,饮食中心\西交大本部校区\康桥苑外包商户,,158
-150,2018-11-08 11:50:13.000000,2186113485,5,饮食中心\西交大本部校区\兴庆校区外包商户,户县软面组,199
-2600,2018-11-10 11:36:13.000000,2186113485,5,饮食中心\西交大本部校区\梧桐苑,泡馍,45
-450,2018-11-08 22:41:28.000000,2186113485,3,温泉干水洗服务部\\,交大温泉干水洗服务部,120
-780,2018-10-14 16:26:48.000000,2186113485,3,东九绿色水果店\\,,121
-200,2018-11-13 11:58:16.000000,2186113485,5,饮食中心\西交大本部校区\梧桐苑,冒菜,37
-800,2018-10-11 11:36:14.000000,2186113485,5,饮食中心\西交大本部校区\学生三食堂,炒饭1,70
-750,2018-10-12 17:08:21.000000,2186113485,5,饮食中心\西交大本部校区\学生四食堂,自选七组,56
-900,2018-10-12 12:35:15.000000,2186113485,5,饮食中心\西交大本部校区\兴庆校区外包商户,,191
-1200,2018-10-13 12:45:16.000000,2186113485,5,饮食中心\西交大本部校区\康桥苑外包商户,,91
-800,2018-11-11 12:42:19.000000,2186113485,5,饮食中心\西交大本部校区\康桥苑外包商户,卤肉饭组,223
-1000,2018-11-12 18:49:43.000000,2186113485,5,饮食中心\西交大本部校区\康桥苑外包商户,砂锅饺子,97
-300,2018-11-14 12:09:49.000000,2186113485,5,饮食中心\西交大本部校区\梧桐苑,冒菜,37
-460,2018-10-11 09:06:45.000000,2186113485,5,饮食中心\西交大本部校区\学生一食堂,菜组,41
-800,2018-10-15 21:08:42.000000,2186113485,3,东九梦婷商店\\,,6
-24,2018-10-15 13:53:39.000000,2186113485,4,饮食中心\西交大本部校区\温泉浴室,,1
-14,2018-10-15 14:04:04.000000,2186113485,4,饮食中心\西交大本部校区\温泉浴室,,1
-2,2018-10-15 13:49:48.000000,2186113485,4,饮食中心\西交大本部校区\温泉浴室,,1
-2,2018-10-15 13:50:09.000000,2186113485,4,饮食中心\西交大本部校区\温泉浴室,,1
-2,2018-10-15 13:50:28.000000,2186113485,4,饮食中心\西交大本部校区\温泉浴室,,1
-2,2018-11-15 12:38:13.000000,2186113485,4,饮食中心\西交大本部校区\温泉浴室,,1
-800,2018-10-15 11:52:31.000000,2186113485,5,饮食中心\西交大本部校区\梧桐苑,,43
-500,2018-11-15 17:41:52.000000,2186113485,5,饮食中心\西交大本部校区\梧桐苑,拉面,37
-700,2018-10-16 17:57:26.000000,2186113485,5,饮食中心\西交大本部校区\梧桐苑,,40
-250,2018-10-16 17:57:34.000000,2186113485,5,饮食中心\西交大本部校区\梧桐苑,冒菜,37
-300,2018-11-24 11:00:33.000000,2186113485,5,饮食中心\西交大本部校区\梧桐苑,冒菜,37
-1000,2018-11-19 18:35:17.000000,2186113485,5,饮食中心\西交大本部校区\康桥苑外包商户,砂锅饺子,97
-800,2018-11-20 18:09:04.000000,2186113485,5,饮食中心\西交大本部校区\梧桐苑,拉面,37
-800,2018-11-21 12:06:43.000000,2186113485,5,饮食中心\西交大本部校区\梧桐苑,面食,43
-300,2018-11-21 12:07:16.000000,2186113485,5,饮食中心\西交大本部校区\梧桐苑,冒菜,37
-600,2018-11-22 11:41:12.000000,2186113485,5,饮食中心\西交大本部校区\梧桐苑,饺子,44
-900,2018-11-26 18:47:24.000000,2186113485,5,饮食中心\西交大本部校区\兴庆校区外包商户,鸡排饭组,191
-18,2018-11-24 19:35:52.000000,2186113485,4,饮食中心\西交大本部校区\温泉浴室,,1
-1000,2018-11-25 17:59:36.000000,2186113485,5,饮食中心\西交大本部校区\梧桐苑,炒面,40
-250,2018-11-27 11:40:17.000000,2186113485,5,饮食中心\西交大本部校区\梧桐苑,冒菜,37
-1000,2018-12-02 18:20:35.000000,2186113485,5,饮食中心\西交大本部校区\康桥苑外包商户,五谷鱼粉组,291
-100,2018-11-28 12:09:06.000000,2186113485,5,饮食中心\西交大本部校区\梧桐苑,主食花样,42
-800,2018-11-27 18:11:46.000000,2186113485,5,饮食中心\西交大本部校区\梧桐苑,面食,43
-500,2018-11-28 12:10:09.000000,2186113485,5,饮食中心\西交大本部校区\梧桐苑,冒菜,37
-400,2018-11-29 11:41:36.000000,2186113485,5,饮食中心\西交大本部校区\梧桐苑,冒菜,37
-22,2018-12-01 16:16:48.000000,2186113485,4,饮食中心\西交大本部校区\温泉浴室,,1
-1000,2018-12-03 13:02:37.000000,2186113485,5,饮食中心\西交大本部校区\康桥苑外包商户,砂锅饺子,97
-100,2018-12-04 11:45:07.000000,2186113485,5,饮食中心\西交大本部校区\梧桐苑,主食花样,42
-1300,2018-10-24 17:06:14.000000,2186113485,5,饮食中心\西交大本部校区\梧桐苑,,45
-100,2018-12-06 11:39:23.000000,2186113485,5,饮食中心\西交大本部校区\梧桐苑,主食花样,42
-450,2018-10-19 18:07:50.000000,2186113485,5,饮食中心\西交大本部校区\康桥苑外包商户,,93
-600,2018-12-04 11:44:43.000000,2186113485,5,饮食中心\西交大本部校区\梧桐苑,盖饭,24
-600,2018-10-21 20:07:33.000000,2186113485,3,东九绿色水果店\\,,121
-200,2018-10-22 18:03:33.000000,2186113485,5,饮食中心\西交大本部校区\梧桐苑,冒菜,37
-200,2018-10-24 17:11:57.000000,2186113485,5,饮食中心\西交大本部校区\梧桐苑,,45
-600,2018-10-29 11:10:56.000000,2186113485,5,饮食中心\西交大本部校区\梧桐苑,,44
-800,2018-10-25 11:58:43.000000,2186113485,5,饮食中心\西交大本部校区\梧桐苑,,43
-2,2018-10-25 16:07:18.000000,2186113485,4,饮食中心\西交大本部校区\温泉浴室,,1
-1000,2018-10-26 11:49:19.000000,2186113485,5,饮食中心\西交大本部校区\康桥苑外包商户,煲仔饭组,61
-200,2018-10-26 17:19:37.000000,2186113485,5,饮食中心\西交大本部校区\梧桐苑,冒菜,37
-1800,2018-10-27 11:42:19.000000,2186113485,5,饮食中心\西交大本部校区\兴庆校区外包商户,西餐厅,41
-670,2018-10-28 17:11:43.000000,2186113485,5,饮食中心\西交大本部校区\梧桐苑,自选餐,3
-300,2018-10-29 11:11:17.000000,2186113485,5,饮食中心\西交大本部校区\梧桐苑,冒菜,37
-150,2018-10-31 09:15:59.000000,2186113485,5,饮食中心\西交大本部校区\康桥苑外包商户,火锅米线,35
-360,2018-11-01 09:09:36.000000,2186113485,5,饮食中心\西交大本部校区\兴庆校区外包商户,,182
-1000,2018-11-13 18:34:25.000000,2186113485,5,饮食中心\西交大本部校区\兴庆校区外包商户,黄焖鸡组,66
-1550,2018-11-02 20:26:46.000000,2186113485,3,物资供应中心\西安市碑林区兴华超市\,,16
-600,2018-11-03 12:16:17.000000,2186113485,3,服务中心\西交大本部校区\康桥商贸,,295
-400,2018-11-08 11:48:10.000000,2186113485,5,饮食中心\西交大本部校区\兴庆校区外包商户,休闲食品吧,84
-300,2018-11-09 12:25:26.000000,2186113485,5,饮食中心\西交大本部校区\兴庆校区外包商户,鸡排饭组,70
-3500,2018-11-10 12:24:47.000000,2186113485,3,东九梦婷商店\\,东九梦婷商店,6
-350,2018-11-13 11:54:29.000000,2186113485,5,饮食中心\西交大本部校区\梧桐苑,面食,58
-260,2018-11-05 07:10:10.000000,2186113485,5,饮食中心\西交大本部校区\学生一食堂,菜组,41
-1200,2018-11-06 17:26:05.000000,2186113485,5,饮食中心\西交大本部校区\兴庆校区外包商户,,61
-350,2018-11-06 11:52:07.000000,2186113485,5,饮食中心\西交大本部校区\学生三食堂,,222
-700,2018-11-07 11:19:58.000000,2186113485,5,饮食中心\西交大本部校区\梧桐苑,,40
-150,2018-11-08 11:50:21.000000,2186113485,5,饮食中心\西交大本部校区\兴庆校区外包商户,户县软面组,199
-700,2018-11-09 21:31:32.000000,2186113485,3,温泉干水洗服务部\\,交大温泉干水洗服务部,120
-600,2018-11-14 12:09:31.000000,2186113485,5,饮食中心\西交大本部校区\梧桐苑,盖面,38
-100,2018-11-22 11:42:22.000000,2186113485,5,饮食中心\西交大本部校区\梧桐苑,主食花样,42
-350,2018-11-15 17:43:23.000000,2186113485,5,饮食中心\西交大本部校区\梧桐苑,冒菜,37
-1050,2018-11-15 11:34:17.000000,2186113485,5,饮食中心\西交大本部校区\梧桐苑,快餐,41
-1000,2018-11-19 12:28:50.000000,2186113485,5,饮食中心\西交大本部校区\康桥苑外包商户,煲仔饭组,220
-200,2018-11-22 18:06:35.000000,2186113485,5,饮食中心\西交大本部校区\梧桐苑,炒面,40
-20,2018-11-15 12:43:44.000000,2186113485,4,饮食中心\西交大本部校区\温泉浴室,,1
-100,2018-11-15 11:45:36.000000,2186113485,5,饮食中心\西交大本部校区\梧桐苑,主食花样,42
-350,2018-11-18 17:53:04.000000,2186113485,5,饮食中心\西交大本部校区\梧桐苑,面食,58
-600,2018-11-22 18:06:14.000000,2186113485,5,饮食中心\西交大本部校区\梧桐苑,盖面,38
-100,2018-11-25 18:03:28.000000,2186113485,5,饮食中心\西交大本部校区\梧桐苑,主食花样,42
-1000,2018-11-23 18:43:34.000000,2186113485,5,饮食中心\西交大本部校区\康桥苑外包商户,五谷鱼粉组,291
-14,2018-11-24 19:46:05.000000,2186113485,4,饮食中心\西交大本部校区\温泉浴室,,1
-10,2018-11-24 19:42:31.000000,2186113485,4,饮食中心\西交大本部校区\温泉浴室,,1
-250,2018-11-27 11:38:54.000000,2186113485,5,饮食中心\西交大本部校区\梧桐苑,快餐,29
-1000,2018-11-26 12:51:36.000000,2186113485,5,饮食中心\西交大本部校区\兴庆校区外包商户,岐山面组,36
-300,2018-11-28 18:45:11.000000,2186113485,5,饮食中心\西交大本部校区\梧桐苑,冒菜,37
-1150,2018-11-27 11:39:46.000000,2186113485,5,饮食中心\西交大本部校区\梧桐苑,快餐,41
-10,2018-12-01 16:10:51.000000,2186113485,4,饮食中心\西交大本部校区\温泉浴室,,1
-100,2018-11-28 18:45:13.000000,2186113485,5,饮食中心\西交大本部校区\梧桐苑,拉面,37
-300,2018-11-30 12:05:31.000000,2186113485,5,饮食中心\西交大本部校区\梧桐苑,冒菜,37
-700,2018-11-28 12:08:23.000000,2186113485,5,饮食中心\西交大本部校区\梧桐苑,炒面,40
-600,2018-11-29 11:42:17.000000,2186113485,5,饮食中心\西交大本部校区\梧桐苑,盖面,38
-1300,2018-11-29 17:12:29.000000,2186113485,5,饮食中心\西交大本部校区\梧桐苑,泡馍,45
-600,2018-12-04 18:12:27.000000,2186113485,5,饮食中心\西交大本部校区\梧桐苑,面食,43
-300,2018-12-04 11:45:38.000000,2186113485,5,饮食中心\西交大本部校区\梧桐苑,砂锅,48
-1250,2018-12-06 11:38:39.000000,2186113485,5,饮食中心\西交大本部校区\梧桐苑,快餐,256
-350,2018-12-10 18:32:27.000000,2186113485,5,饮食中心\西交大本部校区\梧桐苑,冒菜,37
-1000,2018-12-05 18:35:34.000000,2186113485,5,饮食中心\西交大本部校区\康桥苑外包商户,五谷鱼粉组,291
-1000,2018-12-17 18:38:32.000000,2186113485,5,饮食中心\西交大本部校区\康桥苑外包商户,砂锅饺子,97
-4,2018-12-13 12:33:07.000000,2186113485,4,饮食中心\西交大本部校区\温泉浴室,,1
-500,2018-12-11 18:10:58.000000,2186113485,5,饮食中心\西交大本部校区\梧桐苑,冒菜,37
-1000,2018-12-16 18:27:29.000000,2186113485,5,饮食中心\西交大本部校区\康桥苑外包商户,五谷鱼粉组,291
-1000,2018-12-22 18:48:13.000000,2186113485,5,饮食中心\西交大本部校区\康桥苑外包商户,五谷鱼粉组,291
-1200,2018-12-17 13:15:13.000000,2186113485,5,饮食中心\西交大本部校区\康桥苑外包商户,泡馍组,77
-500,2018-12-20 09:43:58.000000,2186113485,5,饮食中心\西交大本部校区\康桥苑外包商户,火锅米线,158
-800,2018-12-19 18:33:56.000000,2186113485,5,饮食中心\西交大本部校区\康桥苑外包商户,五谷鱼粉组,291
-1100,2018-12-22 12:01:39.000000,2186113485,3,服务中心\西交大本部校区\康桥商贸,复印A,295
-1000,2018-12-22 11:25:03.000000,2186113485,5,饮食中心\西交大本部校区\康桥苑外包商户,砂锅饺子,97
-26,2018-12-23 17:04:00.000000,2186113485,4,饮食中心\西交大本部校区\温泉浴室,,1
-6,2018-12-23 17:08:00.000000,2186113485,4,饮食中心\西交大本部校区\温泉浴室,,1
-2,2018-12-23 17:11:00.000000,2186113485,4,饮食中心\西交大本部校区\温泉浴室,,1
-650,2018-12-24 12:37:07.000000,2186113485,5,饮食中心\西交大本部校区\康桥苑外包商户,苗家掉渣饼组,93
-1100,2018-12-25 12:35:43.000000,2186113485,5,饮食中心\西交大本部校区\康桥苑外包商户,五谷鱼粉组,291
-800,2018-12-26 12:54:10.000000,2186113485,5,饮食中心\西交大本部校区\梧桐苑,面食,43
-350,2018-12-26 09:56:33.000000,2186113485,5,饮食中心\西交大本部校区\康桥苑外包商户,川味面食组,27
-300,2018-12-26 12:56:26.000000,2186113485,5,饮食中心\西交大本部校区\梧桐苑,冒菜,37
-1000,2019-01-05 12:41:33.000000,2186113485,5,饮食中心\西交大本部校区\康桥苑外包商户,砂锅饺子,97
-1400,2018-12-29 17:31:24.000000,2186113485,5,饮食中心\西交大本部校区\康桥苑外包商户,泡馍组,78
-1100,2019-01-01 18:31:30.000000,2186113485,5,饮食中心\西交大本部校区\康桥苑外包商户,五谷鱼粉组,291
-1000,2019-01-02 18:40:27.000000,2186113485,5,饮食中心\西交大本部校区\康桥苑外包商户,砂锅饺子,97
-1000,2019-01-03 12:33:45.000000,2186113485,5,饮食中心\西交大本部校区\康桥苑外包商户,煲仔饭组,61
-650,2018-12-09 19:14:19.000000,2186113485,3,东九梦婷商店\\,东九梦婷商店,6
-1000,2019-01-06 18:41:23.000000,2186113485,5,饮食中心\西交大本部校区\康桥苑外包商户,五谷鱼粉组,291
-1160,2019-01-06 12:32:15.000000,2186113485,5,饮食中心\西交大本部校区\东苑餐厅,快餐组,281
-1400,2018-12-07 12:30:03.000000,2186113485,5,饮食中心\西交大本部校区\梧桐苑,面食,43
-60,2018-12-08 18:10:01.000000,2186113485,5,饮食中心\西交大本部校区\学生三食堂,包子组,260
-700,2018-12-09 13:47:17.000000,2186113485,5,饮食中心\西交大本部校区\兴庆校区外包商户,户县软面组,78
-24,2018-12-13 12:24:08.000000,2186113485,4,饮食中心\西交大本部校区\温泉浴室,,1
-800,2018-12-12 17:30:46.000000,2186113485,5,饮食中心\西交大本部校区\梧桐苑,面食,43
-6,2018-12-13 12:31:50.000000,2186113485,4,饮食中心\西交大本部校区\温泉浴室,,1
-10,2019-01-07 16:41:00.000000,2186113485,4,饮食中心\西交大本部校区\温泉浴室,,1
-2,2018-12-13 12:24:48.000000,2186113485,4,饮食中心\西交大本部校区\温泉浴室,,1
-8,2018-12-13 12:28:51.000000,2186113485,4,饮食中心\西交大本部校区\温泉浴室,,1
-1100,2018-12-14 12:09:31.000000,2186113485,5,饮食中心\西交大本部校区\兴庆校区外包商户,鸡排饭组,70
-260,2019-01-09 08:06:23.000000,2186113485,5,饮食中心\西交大本部校区\学生二食堂,菜组,13
-600,2018-09-02 10:45:15.000000,2186113485,5,饮食中心\西交大本部校区\梧桐苑,,48
-1300,2018-12-15 18:16:01.000000,2186113485,5,饮食中心\西交大本部校区\康桥苑外包商户,五谷鱼粉组,291
-2,2018-12-23 17:17:00.000000,2186113485,4,饮食中心\西交大本部校区\温泉浴室,,1
-700,2018-12-18 11:38:08.000000,2186113485,5,饮食中心\西交大本部校区\梧桐苑,炒面,40
-2690,2018-09-02 16:04:15.000000,2186113485,3,服务中心\西交大本部校区\康桥商贸,,268
-800,2018-09-03 17:59:29.000000,2186113485,5,饮食中心\西交大本部校区\康桥苑外包商户,,230
-28,2018-12-23 17:17:00.000000,2186113485,4,饮食中心\西交大本部校区\温泉浴室,,1
-1000,2018-09-05 17:45:40.000000,2186113485,3,呼延办公用品商店\\,,122
-300,2018-12-26 09:57:32.000000,2186113485,5,饮食中心\西交大本部校区\东苑餐厅,余美丽工作室,145
-250,2018-12-27 18:24:40.000000,2186113485,5,饮食中心\西交大本部校区\学生四食堂,自选七组,56
-1000,2018-12-28 18:37:18.000000,2186113485,5,饮食中心\西交大本部校区\康桥苑外包商户,五谷鱼粉组,291
-450,2018-12-26 19:14:53.000000,2186113485,3,东九梦婷商店\\,东九梦婷商店,6
-1000,2018-12-26 18:35:38.000000,2186113485,5,饮食中心\西交大本部校区\康桥苑外包商户,砂锅饺子,97
-100,2018-12-27 18:23:51.000000,2186113485,5,饮食中心\西交大本部校区\学生四食堂,冷饮组,97
-34,2018-12-31 16:49:00.000000,2186113485,4,饮食中心\西交大本部校区\温泉浴室,,1
-260,2018-09-05 09:19:02.000000,2186113485,5,饮食中心\西交大本部校区\学生二食堂,,102
-330,2019-01-04 07:54:59.000000,2186113485,5,饮食中心\西交大本部校区\学生一食堂,菜组,40
-2,2019-01-07 16:27:00.000000,2186113485,4,饮食中心\西交大本部校区\温泉浴室,,1
-10,2019-01-07 16:32:00.000000,2186113485,4,饮食中心\西交大本部校区\温泉浴室,,1
-14,2019-01-07 16:38:00.000000,2186113485,4,饮食中心\西交大本部校区\温泉浴室,,1
-750,2018-09-05 17:12:13.000000,2186113485,5,饮食中心\西交大本部校区\梧桐苑,,177
-800,2019-01-07 12:21:08.000000,2186113485,5,饮食中心\西交大本部校区\康桥苑外包商户,卤肉饭组,223
-30,2019-01-07 16:31:00.000000,2186113485,4,饮食中心\西交大本部校区\温泉浴室,,1
-200,2018-09-06 09:07:01.000000,2186113485,5,饮食中心\西交大本部校区\康桥苑外包商户,,90
-800,2019-01-08 17:36:20.000000,2186113485,5,饮食中心\西交大本部校区\梧桐苑,面食,43
-200,2018-09-10 18:29:30.000000,2186113485,5,饮食中心\西交大本部校区\梧桐苑,,48
-200,2018-09-06 09:06:12.000000,2186113485,5,饮食中心\西交大本部校区\学生二食堂,菜组,13
-550,2018-09-09 16:53:12.000000,2186113485,5,饮食中心\西交大本部校区\梧桐苑,,176
-1200,2018-09-07 21:52:16.000000,2186113485,3,东九梦婷商店\\,,6
-600,2018-09-10 18:29:30.000000,2186113485,5,饮食中心\西交大本部校区\梧桐苑,,38
-260,2018-09-10 07:12:06.000000,2186113485,5,饮食中心\西交大本部校区\学生二食堂,菜组,12
-350,2018-09-11 08:53:56.000000,2186113485,5,饮食中心\西交大本部校区\康桥苑外包商户,火锅米线,35
-150,2018-09-12 09:18:01.000000,2186113485,5,饮食中心\西交大本部校区\康桥苑外包商户,炒烩,11
-400,2018-09-11 11:13:27.000000,2186113485,5,饮食中心\西交大本部校区\东苑餐厅,,144
-700,2018-09-11 18:09:16.000000,2186113485,5,饮食中心\西交大本部校区\梧桐苑,,40
-250,2018-09-11 21:15:38.000000,2186113485,3,温泉干水洗服务部\\,,120
-6,2018-09-12 21:22:25.000000,2186113485,4,饮食中心\西交大本部校区\温泉浴室,,1
-320,2018-09-11 16:03:09.000000,2186113485,5,饮食中心\西交大本部校区\兴庆校区外包商户,,82
-10,2018-09-12 21:24:54.000000,2186113485,4,饮食中心\西交大本部校区\温泉浴室,,1
-2,2018-09-12 21:25:07.000000,2186113485,4,饮食中心\西交大本部校区\温泉浴室,,1
-600,2018-09-13 18:10:19.000000,2186113485,5,饮食中心\西交大本部校区\梧桐苑,,44
-840,2018-09-16 17:10:21.000000,2186113485,5,饮食中心\西交大本部校区\学生一食堂,,161
-300,2018-09-19 16:21:03.000000,2186113485,5,饮食中心\西交大本部校区\兴庆校区外包商户,,185
-600,2018-09-17 18:11:32.000000,2186113485,5,饮食中心\西交大本部校区\梧桐苑,,38
-100,2018-09-17 18:12:00.000000,2186113485,5,饮食中心\西交大本部校区\梧桐苑,冒菜,37
-900,2018-09-18 11:48:14.000000,2186113485,5,饮食中心\西交大本部校区\梧桐苑,,44
-300,2018-09-19 11:38:57.000000,2186113485,5,饮食中心\西交大本部校区\梧桐苑,,48
-500,2018-09-20 11:15:17.000000,2186113485,5,饮食中心\西交大本部校区\梧桐苑,,40
-200,2018-09-24 12:28:35.000000,2186113485,5,饮食中心\西交大本部校区\梧桐苑,冒菜,37
-800,2018-09-21 11:48:29.000000,2186113485,5,饮食中心\西交大本部校区\梧桐苑,,39
-800,2018-09-25 18:12:10.000000,2186113485,5,饮食中心\西交大本部校区\梧桐苑,炒面,25
-300,2018-09-25 18:12:50.000000,2186113485,5,饮食中心\西交大本部校区\梧桐苑,冒菜,37
-650,2018-09-25 20:38:27.000000,2186113485,3,温泉干水洗服务部\\,,120
-800,2018-09-24 12:28:11.000000,2186113485,5,饮食中心\西交大本部校区\梧桐苑,,43
-850,2018-09-25 11:29:38.000000,2186113485,5,饮食中心\西交大本部校区\梧桐苑,,258
-800,2018-09-28 18:25:46.000000,2186113485,5,饮食中心\西交大本部校区\梧桐苑,,39
-12,2018-09-25 20:32:57.000000,2186113485,4,饮食中心\西交大本部校区\温泉浴室,,1
-700,2018-09-27 10:57:05.000000,2186113485,5,饮食中心\西交大本部校区\梧桐苑,炒面,25
-200,2018-09-28 18:25:59.000000,2186113485,5,饮食中心\西交大本部校区\梧桐苑,,258
-500,2018-09-26 09:21:19.000000,2186113485,5,饮食中心\西交大本部校区\康桥苑外包商户,,97
-800,2018-09-26 18:40:19.000000,2186113485,5,饮食中心\西交大本部校区\梧桐苑,,39
-200,2018-09-29 17:15:40.000000,2186113485,5,饮食中心\西交大本部校区\兴庆校区外包商户,,82
-700,2018-09-28 11:55:06.000000,2186113485,5,饮食中心\西交大本部校区\梧桐苑,,40
-300,2018-09-28 11:55:39.000000,2186113485,5,饮食中心\西交大本部校区\梧桐苑,,48
-350,2018-09-29 22:40:08.000000,2186113485,3,温泉干水洗服务部\\,,120
-600,2018-09-29 09:20:32.000000,2186113485,5,饮食中心\西交大本部校区\兴庆校区外包商户,,198
-1100,2018-10-06 22:59:04.000000,2186113485,3,温泉干水洗服务部\\,,120
-900,2018-09-30 10:38:03.000000,2186113485,5,饮食中心\西交大本部校区\梧桐苑,,257
-200,2018-09-30 10:38:36.000000,2186113485,5,饮食中心\西交大本部校区\梧桐苑,,48
-580,2018-10-10 08:05:54.000000,2186113485,5,饮食中心\西交大本部校区\学生二食堂,,141
-600,2018-10-09 17:38:51.000000,2186113485,5,饮食中心\西交大本部校区\梧桐苑,盖饭,24
-500,2018-10-07 11:50:29.000000,2186113485,5,饮食中心\西交大本部校区\梧桐苑,,40
-870,2018-10-08 12:08:32.000000,2186113485,5,饮食中心\西交大本部校区\学生三食堂,,226
-700,2018-10-08 17:22:36.000000,2186113485,5,饮食中心\西交大本部校区\梧桐苑,,40
-450,2018-10-12 17:25:10.000000,2186113485,3,温泉干水洗服务部\\,,120
-600,2018-10-15 18:03:20.000000,2186113485,5,饮食中心\西交大本部校区\梧桐苑,,38
-800,2018-10-14 07:51:59.000000,2186113485,3,东九梦婷商店\\,,6
-500,2018-10-13 17:38:46.000000,2186113485,5,饮食中心\西交大本部校区\梧桐苑,冒菜,37
-2,2018-10-15 13:49:58.000000,2186113485,4,饮食中心\西交大本部校区\温泉浴室,,1
-800,2018-10-20 11:25:19.000000,2186113485,5,饮食中心\西交大本部校区\学生四食堂,自选七组,56
-1440,2018-10-17 18:09:32.000000,2186113485,5,饮食中心\西交大本部校区\康桥苑外包商户,冒菜组,50
-700,2018-10-18 17:36:32.000000,2186113485,5,饮食中心\西交大本部校区\兴庆校区外包商户,,36
-6,2018-10-15 13:58:49.000000,2186113485,4,饮食中心\西交大本部校区\温泉浴室,,1
-300,2018-10-15 18:03:25.000000,2186113485,5,饮食中心\西交大本部校区\梧桐苑,冒菜,37
-1300,2018-10-17 12:00:29.000000,2186113485,5,饮食中心\西交大本部校区\梧桐苑,,45
-300,2018-10-24 11:24:12.000000,2186113485,5,饮食中心\西交大本部校区\梧桐苑,,48
-300,2018-10-21 17:27:51.000000,2186113485,3,呼延办公用品商店\\,,14
-200,2018-10-23 17:26:39.000000,2186113485,5,饮食中心\西交大本部校区\梧桐苑,,48
-800,2018-10-23 17:25:50.000000,2186113485,5,饮食中心\西交大本部校区\梧桐苑,,39
-500,2018-10-21 17:33:47.000000,2186113485,5,饮食中心\西交大本部校区\梧桐苑,,40
-800,2018-10-22 18:02:05.000000,2186113485,5,饮食中心\西交大本部校区\梧桐苑,,43
-1500,2018-10-22 18:28:57.000000,2186113485,3,温泉干水洗服务部\\,,120
-700,2018-10-24 11:23:01.000000,2186113485,5,饮食中心\西交大本部校区\梧桐苑,炒面,25
-600,2018-10-26 17:19:36.000000,2186113485,5,饮食中心\西交大本部校区\梧桐苑,,38
-300,2018-10-25 22:24:38.000000,2186113485,3,温泉干水洗服务部\\,,120
-750,2018-10-29 17:46:06.000000,2186113485,5,饮食中心\西交大本部校区\学生二食堂,菜组,16
-12,2018-10-29 14:55:03.000000,2186113485,4,饮食中心\西交大本部校区\温泉浴室,,1
-1300,2018-11-01 15:30:56.000000,2186113485,5,饮食中心\西交大本部校区\梧桐苑,,45
-12,2018-10-29 15:01:25.000000,2186113485,4,饮食中心\西交大本部校区\温泉浴室,,1
-800,2018-10-30 10:56:15.000000,2186113485,5,饮食中心\西交大本部校区\学生三食堂,炒饭1,70
-4,2018-10-29 14:51:40.000000,2186113485,4,饮食中心\西交大本部校区\温泉浴室,,1
-2,2018-10-29 14:50:49.000000,2186113485,4,饮食中心\西交大本部校区\温泉浴室,,1
-200,2018-11-02 11:28:00.000000,2186113485,5,饮食中心\西交大本部校区\梧桐苑,,48
-700,2018-11-02 11:27:18.000000,2186113485,5,饮食中心\西交大本部校区\梧桐苑,,40
-350,2018-11-02 17:42:14.000000,2186113485,5,饮食中心\西交大本部校区\梧桐苑,,58
-400,2018-11-03 11:55:40.000000,2186113485,5,饮食中心\西交大本部校区\学生四食堂,自选七组,56
-300,2018-11-07 11:20:33.000000,2186113485,5,饮食中心\西交大本部校区\梧桐苑,冒菜,37
-1000,2018-11-05 17:50:29.000000,2186113485,5,饮食中心\西交大本部校区\康桥苑外包商户,煲仔饭组,61
-100,2018-11-11 12:44:04.000000,2186113485,5,饮食中心\西交大本部校区\学生三食堂,稀饭组,233
-1300,2018-11-07 16:59:55.000000,2186113485,5,饮食中心\西交大本部校区\梧桐苑,,45
-800,2018-11-09 18:39:20.000000,2186113485,5,饮食中心\西交大本部校区\康桥苑外包商户,五谷鱼粉组,291
-800,2018-11-09 12:25:19.000000,2186113485,5,饮食中心\西交大本部校区\兴庆校区外包商户,鸡排饭组,70
-200,2018-11-20 18:13:24.000000,2186113485,5,饮食中心\西交大本部校区\梧桐苑,炒面,40
-800,2018-11-14 18:03:27.000000,2186113485,5,饮食中心\西交大本部校区\兴庆校区外包商户,成都印象名小吃,252
-500,2018-11-20 11:46:53.000000,2186113485,5,饮食中心\西交大本部校区\学生四食堂,自选五组,54
-100,2018-11-20 11:46:56.000000,2186113485,5,饮食中心\西交大本部校区\学生四食堂,冷饮组,97
-300,2018-11-13 11:58:07.000000,2186113485,5,饮食中心\西交大本部校区\梧桐苑,冒菜,37
-230,2018-11-15 10:05:09.000000,2186113485,5,饮食中心\西交大本部校区\兴庆校区外包商户,户县软面组,78
-12,2018-11-15 12:36:45.000000,2186113485,4,饮食中心\西交大本部校区\温泉浴室,,1
-20,2018-11-15 12:29:31.000000,2186113485,4,饮食中心\西交大本部校区\温泉浴室,,1
-1000,2018-11-21 16:47:27.000000,2186113485,5,饮食中心\西交大本部校区\康桥苑外包商户,石锅菜,292
-300,2018-11-29 11:43:45.000000,2186113485,5,饮食中心\西交大本部校区\梧桐苑,冒菜,37
-450,2018-11-24 19:56:45.000000,2186113485,3,温泉干水洗服务部\\,交大温泉干水洗服务部,120
-800,2018-11-24 07:41:18.000000,2186113485,3,东九梦婷商店\\,东九梦婷商店,6
-500,2018-11-28 18:44:33.000000,2186113485,5,饮食中心\西交大本部校区\梧桐苑,拉面,37
-400,2018-11-22 18:06:58.000000,2186113485,5,饮食中心\西交大本部校区\梧桐苑,冒菜,37
-600,2018-11-24 10:57:26.000000,2186113485,5,饮食中心\西交大本部校区\梧桐苑,面食,43
-1300,2018-11-25 12:38:12.000000,2186113485,5,饮食中心\西交大本部校区\梧桐苑,泡馍,45
-800,2018-12-02 12:45:38.000000,2186113485,5,饮食中心\西交大本部校区\梧桐苑,面食,43
-700,2018-11-30 12:05:13.000000,2186113485,5,饮食中心\西交大本部校区\梧桐苑,炒面,40
-10,2018-12-01 16:01:16.000000,2186113485,4,饮食中心\西交大本部校区\温泉浴室,,1
-8,2018-12-01 16:02:48.000000,2186113485,4,饮食中心\西交大本部校区\温泉浴室,,1
-350,2018-12-03 18:34:25.000000,2186113485,5,饮食中心\西交大本部校区\梧桐苑,砂锅,48
-700,2018-12-03 18:34:03.000000,2186113485,5,饮食中心\西交大本部校区\梧桐苑,炒面,40
-200,2018-12-04 18:13:41.000000,2186113485,5,饮食中心\西交大本部校区\梧桐苑,快餐,41
-1300,2018-12-05 12:47:25.000000,2186113485,5,饮食中心\西交大本部校区\梧桐苑,泡馍,45
-800,2018-12-08 18:08:57.000000,2186113485,5,饮食中心\西交大本部校区\康桥苑外包商户,卤肉饭组,223
-200,2018-12-07 12:31:30.000000,2186113485,5,饮食中心\西交大本部校区\梧桐苑,炒面,40
-1200,2018-12-09 18:38:01.000000,2186113485,5,饮食中心\西交大本部校区\康桥苑外包商户,五谷鱼粉组,291
-200,2018-12-08 11:53:51.000000,2186113485,5,饮食中心\西交大本部校区\梧桐苑,面食,43
-1000,2018-12-11 11:36:03.000000,2186113485,5,饮食中心\西交大本部校区\康桥苑外包商户,砂锅饺子,97
-200,2018-12-10 09:56:33.000000,2186113485,3,东九梦婷商店\\,东九梦婷商店,6
-1300,2018-12-12 12:48:19.000000,2186113485,5,饮食中心\西交大本部校区\梧桐苑,泡馍,45
-700,2018-12-11 18:10:47.000000,2186113485,5,饮食中心\西交大本部校区\梧桐苑,炒面,40
-100,2018-12-13 11:42:28.000000,2186113485,5,饮食中心\西交大本部校区\梧桐苑,主食花样,42
-8,2018-12-13 12:35:50.000000,2186113485,4,饮食中心\西交大本部校区\温泉浴室,,1
-100,2018-12-18 11:38:37.000000,2186113485,5,饮食中心\西交大本部校区\梧桐苑,主食花样,42
-600,2018-12-13 11:41:11.000000,2186113485,5,饮食中心\西交大本部校区\梧桐苑,饺子,44
-250,2018-12-22 12:05:03.000000,2186113485,3,服务中心\西交大本部校区\康桥商贸,超市,270
-12,2018-12-23 17:10:00.000000,2186113485,4,饮食中心\西交大本部校区\温泉浴室,,1
-1000,2018-12-24 12:25:49.000000,2186113485,5,饮食中心\西交大本部校区\康桥苑外包商户,砂锅饺子,97
-1300,2018-12-29 11:06:12.000000,2186113485,5,饮食中心\西交大本部校区\梧桐苑,泡馍,45
-8,2018-12-31 16:54:00.000000,2186113485,4,饮食中心\西交大本部校区\温泉浴室,,1
-20,2018-12-31 16:59:00.000000,2186113485,4,饮食中心\西交大本部校区\温泉浴室,,1
-1770,2019-01-02 11:12:31.000000,2186113485,5,饮食中心\西交大本部校区\东苑餐厅,快餐组,283
-200,2019-02-19 09:39:14.000000,2186113485,5,饮食中心\西交大本部校区\康桥苑外包商户,炒烩,99
-800,2019-01-04 18:33:05.000000,2186113485,5,饮食中心\西交大本部校区\梧桐苑,面食,43
-260,2019-02-18 07:32:56.000000,2186113485,5,饮食中心\西交大本部校区\学生二食堂,菜组,101
-1100,2019-02-17 18:22:39.000000,2186113485,5,饮食中心\西交大本部校区\康桥苑外包商户,五谷鱼粉组,291
-600,2019-02-18 12:07:21.000000,2186113485,5,饮食中心\西交大本部校区\梧桐苑,盖饭,24
-700,2019-02-24 17:41:47.000000,2186113485,5,饮食中心\西交大本部校区\梧桐苑,炒面,40
-500,2019-02-20 09:47:28.000000,2186113485,5,饮食中心\西交大本部校区\康桥苑外包商户,砂锅饺子,9
-100,2019-02-22 16:54:13.000000,2186113485,5,饮食中心\西交大本部校区\学生三食堂,稀饭组,233
-12,2019-02-24 19:52:00.000000,2186113485,4,饮食中心\西交大本部校区\温泉浴室,,1
-2,2019-02-24 19:35:00.000000,2186113485,4,饮食中心\西交大本部校区\温泉浴室,,1
-800,2019-02-26 18:00:25.000000,2186113485,5,饮食中心\西交大本部校区\梧桐苑,盖饭,24
-12,2019-02-24 19:47:00.000000,2186113485,4,饮食中心\西交大本部校区\温泉浴室,,1
-400,2019-02-28 18:32:25.000000,2186113485,5,饮食中心\西交大本部校区\梧桐苑,冒菜,49
-900,2019-02-28 18:23:47.000000,2186113485,5,饮食中心\西交大本部校区\梧桐苑,拉面,37
-1200,2019-02-22 16:51:30.000000,2186113485,5,饮食中心\西交大本部校区\康桥苑外包商户,泡馍组,78
-650,2019-02-17 09:30:34.000000,2186113485,5,饮食中心\西交大本部校区\康桥苑外包商户,苗家掉渣饼组,93
-200,2019-03-03 12:35:11.000000,2186113485,5,饮食中心\西交大本部校区\学生三食堂,小吃1,73
-600,2019-02-19 18:30:46.000000,2186113485,5,饮食中心\西交大本部校区\康桥苑外包商户,砂锅饺子,9
-800,2019-02-21 18:22:35.000000,2186113485,5,饮食中心\西交大本部校区\梧桐苑,面食,43
-1000,2019-02-22 11:16:36.000000,2186113485,5,饮食中心\西交大本部校区\东苑餐厅,快餐组,282
-100,2019-02-22 11:17:06.000000,2186113485,5,饮食中心\西交大本部校区\东苑餐厅,快餐组,280
-150,2019-03-03 19:02:11.000000,2186113485,3,服务中心\西交大本部校区\康桥商贸,超市,267
-28,2019-02-24 19:40:00.000000,2186113485,4,饮食中心\西交大本部校区\温泉浴室,,1
-1300,2019-02-24 12:30:59.000000,2186113485,5,饮食中心\西交大本部校区\梧桐苑,泡馍,45
-300,2019-02-24 17:41:44.000000,2186113485,5,饮食中心\西交大本部校区\梧桐苑,冒菜,37
-300,2019-03-04 18:31:44.000000,2186113485,5,饮食中心\西交大本部校区\梧桐苑,冒菜,49
-2,2019-02-24 19:35:00.000000,2186113485,4,饮食中心\西交大本部校区\温泉浴室,,1
-1000,2019-03-04 11:36:46.000000,2186113485,5,饮食中心\西交大本部校区\康桥苑外包商户,砂锅饺子,97
-4400,2019-03-04 18:08:58.000000,2186113485,5,饮食中心\西交大本部校区\兴庆校区外包商户,西餐厅,41
-150,2019-03-14 20:37:22.000000,2186113485,3,东九梦婷商店\\,东九梦婷商店,6
-450,2019-03-05 21:40:30.000000,2186113485,3,东九梦婷商店\\,东九梦婷商店,6
-200,2019-03-06 21:01:47.000000,2186113485,3,东九梦婷商店\\,东九梦婷商店,6
-1400,2019-03-08 12:40:59.000000,2186113485,5,饮食中心\西交大本部校区\康桥苑外包商户,泡馍组,78
-720,2019-03-08 17:20:57.000000,2186113485,5,饮食中心\西交大本部校区\学生三食堂,小吃1,261
-1100,2019-03-10 18:23:47.000000,2186113485,5,饮食中心\西交大本部校区\康桥苑外包商户,五谷鱼粉组,291
-16,2019-03-12 20:11:00.000000,2186113485,4,饮食中心\西交大本部校区\温泉浴室,,1
-2,2019-03-27 19:46:00.000000,2186113485,4,饮食中心\西交大本部校区\温泉浴室,,1
-10,2019-03-19 20:13:00.000000,2186113485,4,饮食中心\西交大本部校区\温泉浴室,,1
-1000,2019-03-19 16:26:12.000000,2186113485,5,饮食中心\西交大本部校区\康桥苑外包商户,五谷鱼粉组,291
-2,2019-03-27 19:46:00.000000,2186113485,4,饮食中心\西交大本部校区\温泉浴室,,1
-800,2019-03-17 16:51:44.000000,2186113485,5,饮食中心\西交大本部校区\梧桐苑,面食,43
-600,2019-03-18 17:52:04.000000,2186113485,5,饮食中心\西交大本部校区\梧桐苑,盖面,38
-1000,2019-03-01 18:29:20.000000,2186113485,5,饮食中心\西交大本部校区\康桥苑外包商户,五谷鱼粉组,291
-300,2019-03-19 16:26:25.000000,2186113485,5,饮食中心\西交大本部校区\康桥苑外包商户,五谷鱼粉组,291
-250,2019-03-03 12:27:04.000000,2186113485,5,饮食中心\西交大本部校区\学生三食堂,卤菜组,229
-1300,2019-03-03 18:28:15.000000,2186113485,5,饮食中心\西交大本部校区\康桥苑外包商户,五谷鱼粉组,291
-1000,2019-03-22 18:54:26.000000,2186113485,5,饮食中心\西交大本部校区\康桥苑外包商户,五谷鱼粉组,291
-600,2019-03-23 18:08:06.000000,2186113485,5,饮食中心\西交大本部校区\梧桐苑,盖饭,24
-900,2019-03-24 18:46:12.000000,2186113485,5,饮食中心\西交大本部校区\康桥苑外包商户,饭团,5
-600,2019-03-27 18:45:38.000000,2186113485,5,饮食中心\西交大本部校区\康桥苑外包商户,苗家掉渣饼组,93
-350,2019-03-27 14:41:44.000000,2186113485,3,温泉干水洗服务部\\,交大温泉干水洗服务部,120
-2,2019-03-27 19:49:00.000000,2186113485,4,饮食中心\西交大本部校区\温泉浴室,,1
-14,2019-03-27 19:49:00.000000,2186113485,4,饮食中心\西交大本部校区\温泉浴室,,1
-2,2019-03-27 19:44:00.000000,2186113485,4,饮食中心\西交大本部校区\温泉浴室,,1
-1000,2019-03-28 18:38:31.000000,2186113485,5,饮食中心\西交大本部校区\康桥苑外包商户,煲仔饭组,61
-300,2019-04-03 16:01:16.000000,2186113485,3,温泉干水洗服务部\\,交大温泉干水洗服务部,120
-100,2019-03-29 17:57:37.000000,2186113485,3,东九梦婷商店\\,东九梦婷商店,6
-100,2019-03-30 17:44:18.000000,2186113485,5,饮食中心\西交大本部校区\学生三食堂,稀饭组,233
-350,2019-04-01 18:02:20.000000,2186113485,5,饮食中心\西交大本部校区\梧桐苑,主食花样,59
-12,2019-04-02 19:34:00.000000,2186113485,4,饮食中心\西交大本部校区\温泉浴室,,1
-1200,2019-03-29 10:55:48.000000,2186113485,5,饮食中心\西交大本部校区\康桥苑外包商户,泡馍组,78
-600,2019-03-30 17:41:34.000000,2186113485,5,饮食中心\西交大本部校区\学生三食堂,小吃2,72
-100,2019-03-31 19:27:01.000000,2186113485,3,东九梦婷商店\\,东九梦婷商店,6
-350,2019-04-04 17:09:01.000000,2186113485,5,饮食中心\西交大本部校区\梧桐苑,主食花样,59
-1000,2019-03-10 12:02:25.000000,2186113485,5,饮食中心\西交大本部校区\康桥苑外包商户,砂锅饺子,97
-350,2019-04-04 17:08:22.000000,2186113485,5,饮食中心\西交大本部校区\梧桐苑,面食,58
-600,2019-03-05 21:40:13.000000,2186113485,3,东九梦婷商店\\,东九梦婷商店,6
-14,2019-03-12 20:00:00.000000,2186113485,4,饮食中心\西交大本部校区\温泉浴室,,1
-1200,2019-03-12 18:29:57.000000,2186113485,5,饮食中心\西交大本部校区\康桥苑外包商户,泡馍组,78
-2,2019-03-12 20:02:00.000000,2186113485,4,饮食中心\西交大本部校区\温泉浴室,,1
-1200,2019-03-14 16:51:09.000000,2186113485,5,饮食中心\西交大本部校区\康桥苑外包商户,泡馍组,78
-1300,2019-03-13 17:25:17.000000,2186113485,5,饮食中心\西交大本部校区\梧桐苑,泡馍,45
-60,2019-03-14 16:56:24.000000,2186113485,5,饮食中心\西交大本部校区\学生三食堂,包子组,260
